1418.800000,-17.168116,-17.332951,-1.385421
1418.801172,-17.152317,-17.353527,0.640895
1418.802344,-17.162727,-17.358610,0.343079
1418.803516,-17.219423,-17.355509,-2.974981
1418.804688,-17.228151,-17.355715,-3.444143
1418.805859,-17.210716,-17.365515,-1.941542
1418.807031,-17.224670,-17.381386,-1.835422
1418.808203,-17.219604,-17.395542,-0.768748
1418.809375,-17.227354,-17.405802,-0.629088
1418.810547,-17.246130,-17.418674,-0.957374
1418.811719,-17.246643,-17.425667,-0.597042
1418.812891,-17.232897,-17.420547,-0.116433
1418.814062,-17.233585,-17.424541,0.067963
1418.815234,-17.251827,-17.438112,-0.192581
1418.816406,-17.273994,-17.446281,-0.971669
1418.817578,-17.280745,-17.448895,-1.201467
1418.818750,-17.265717,-17.453941,-0.084415
1418.819922,-17.267073,-17.460920,0.229383
1418.821094,-17.285433,-17.472189,-0.166314
1418.822266,-17.288422,-17.479816,0.092433
1418.823437,-17.294872,-17.476818,-0.434351
1418.824609,-17.320534,-17.477648,-1.813357
1418.825781,-17.343794,-17.480286,-2.952584
1418.826953,-17.352425,-17.484472,-3.197368
1418.828125,-17.340273,-17.495430,-1.921689
1418.829297,-17.341274,-17.503960,-1.504647
1418.830469,-17.336351,-17.504725,-1.189080
1418.831641,-17.345665,-17.506794,-1.590914
1418.832813,-17.338158,-17.517416,-0.583992
1418.833984,-17.320293,-17.520905,0.607383
1418.835156,-17.328274,-17.517464,-0.030581
1418.836328,-17.329927,-17.518538,-0.062931
1418.837500,-17.317957,-17.524004,0.911614
1418.838672,-17.337471,-17.536407,0.513733
1418.839844,-17.365671,-17.547503,-0.440738
1418.841016,-17.375916,-17.549017,-0.926407
1418.842187,-17.383568,-17.547115,-1.456841
1418.843359,-17.397282,-17.548481,-2.140648
1418.844531,-17.388786,-17.549627,-1.606868
1418.845703,-17.368679,-17.549835,-0.478342
1418.846875,-17.356703,-17.551922,0.305973
1418.848047,-17.350780,-17.553530,0.726996
1418.849219,-17.349426,-17.553440,0.797780
1418.850391,-17.366911,-17.553373,-0.182682
1418.851562,-17.364071,-17.555138,0.074129
1418.852734,-17.362152,-17.555702,0.212765
1418.853906,-17.388889,-17.562914,-0.875116
1418.855078,-17.375370,-17.561985,-0.174194
1418.856250,-17.365831,-17.551685,-0.216609
1418.857422,-17.367800,-17.546783,-0.599282
1418.858594,-17.374294,-17.537418,-1.480315
1418.859766,-17.385290,-17.529240,-2.541211
1418.860937,-17.388971,-17.534620,-2.447367
1418.862109,-17.366774,-17.538034,-1.028683
1418.863281,-17.341637,-17.532909,0.085631
1418.864453,-17.335894,-17.521151,-0.249899
1418.865625,-17.342602,-17.512218,-1.120011
1418.866797,-17.352360,-17.510681,-1.746472
1418.867969,-17.338490,-17.508734,-1.085172
1418.869141,-17.329475,-17.503128,-0.895771
1418.870312,-17.324919,-17.500423,-0.792803
1418.871484,-17.305264,-17.497408,0.134295
1418.872656,-17.291046,-17.492704,0.665973
1418.873828,-17.294424,-17.484545,0.021346
1418.875000,-17.276470,-17.476732,0.587862
1418.876172,-17.283859,-17.464924,-0.483429
1418.877344,-17.297760,-17.455057,-1.803210
1418.878516,-17.283543,-17.447966,-1.408260
1418.879688,-17.263382,-17.435051,-1.006011
1418.880859,-17.242516,-17.422539,-0.541411
1418.882031,-17.209641,-17.416418,0.952536
1418.883203,-17.224339,-17.409700,-0.244037
1418.884375,-17.238041,-17.403570,-1.346905
1418.885547,-17.210669,-17.390406,-0.557337
1418.886719,-17.183693,-17.366919,-0.363070
1418.887891,-17.176859,-17.355030,-0.644489
1418.889062,-17.168167,-17.343840,-0.783485
1418.890234,-17.122448,-17.324841,0.707033
1418.891406,-17.115881,-17.305691,0.004009
1418.892578,-17.145765,-17.293484,-2.333063
1418.893750,-17.123116,-17.288963,-1.329237
1418.894922,-17.081764,-17.266081,-0.302295
1418.896094,-17.067648,-17.246931,-0.582609
1418.897266,-17.067646,-17.239227,-1.010905
1418.898438,-17.041668,-17.229324,-0.116129
1418.899609,-17.011723,-17.213978,0.699374
1418.900781,-16.992662,-17.200380,1.005209
1418.901953,-16.980383,-17.184332,0.794158
1418.903125,-16.994442,-17.156876,-1.518583
1418.904297,-16.992933,-17.132763,-2.768547
1418.905469,-16.950035,-17.115656,-1.341817
1418.906641,-16.912146,-17.102642,0.042304
1418.907812,-16.873310,-17.093809,1.722306
1418.908984,-16.861467,-17.077278,1.459025
1418.910156,-16.870354,-17.050396,-0.540360
1418.911328,-16.870230,-17.024233,-1.985532
1418.912500,-16.848063,-16.998194,-2.199708
1418.913672,-16.795135,-16.981121,-0.209281
1418.914844,-16.763144,-16.963326,0.583383
1418.916016,-16.766438,-16.948294,-0.439355
1418.917187,-16.754736,-16.933434,-0.615180
1418.918359,-16.712963,-16.912800,0.564084
1418.919531,-16.680393,-16.888025,1.000398
1418.920703,-16.649858,-16.864338,1.384315
1418.921875,-16.646603,-16.850254,0.777485
1418.923047,-16.637262,-16.823904,-0.172701
1418.924219,-16.607800,-16.801659,0.230019
1418.925391,-16.606346,-16.785400,-0.595356
1418.926563,-16.606419,-16.762436,-1.874076
1418.927734,-16.595127,-16.735615,-2.732271
1418.928906,-16.595266,-16.714546,-3.899286
1418.930078,-16.572027,-16.692072,-3.857286
1418.931250,-16.525663,-16.661097,-3.010926
1418.932422,-16.478985,-16.648178,-1.143541
1418.933594,-16.451532,-16.637531,-0.208535
1418.934766,-16.431557,-16.611609,-0.539807
1418.935937,-16.408653,-16.583393,-0.835328
1418.937109,-16.388088,-16.558823,-1.057937
1418.938281,-16.377527,-16.538414,-1.604352
1418.939453,-16.352474,-16.516342,-1.439062
1418.940625,-16.320534,-16.492516,-0.988646
1418.941797,-16.294487,-16.472065,-0.677503
1418.942969,-16.269045,-16.450829,-0.443392
1418.944141,-16.242737,-16.426395,-0.338959
1418.945312,-16.228058,-16.398489,-1.074776
1418.946484,-16.215151,-16.375128,-1.654758
1418.947656,-16.205723,-16.360413,-1.947542
1418.948828,-16.196154,-16.334637,-2.842815
1418.950000,-16.190277,-16.303150,-4.250715
1418.951172,-16.160254,-16.280096,-3.868401
1418.952344,-16.108208,-16.257397,-2.251800
1418.953516,-16.064758,-16.232298,-1.235338
1418.954687,-16.061378,-16.206730,-2.463819
1418.955859,-16.066730,-16.185753,-3.913415
1418.957031,-16.046385,-16.165939,-3.884217
1418.958203,-15.991045,-16.142887,-2.105090
1418.959375,-15.961747,-16.122040,-1.637256
1418.960547,-15.947676,-16.092155,-2.511930
1418.961719,-15.919381,-16.071280,-2.101993
1418.962891,-15.885937,-16.052055,-1.314195
1418.964062,-15.847592,-16.028034,-0.518102
1418.965234,-15.813556,-15.996217,-0.394535
1418.966406,-15.776142,-15.967569,0.094258
1418.967578,-15.744118,-15.946307,0.695669
1418.968750,-15.742646,-15.924277,-0.451881
1418.969922,-15.730544,-15.900539,-1.098997
1418.971094,-15.705587,-15.879441,-0.884600
1418.972266,-15.693688,-15.858253,-1.400380
1418.973438,-15.678243,-15.841312,-1.483329
1418.974609,-15.634027,-15.822021,-0.097300
1418.975781,-15.629601,-15.799161,-1.123135
1418.976953,-15.613037,-15.774210,-1.588481
1418.978125,-15.580110,-15.743870,-1.445034
1418.979297,-15.563951,-15.721430,-1.793173
1418.980469,-15.536929,-15.700336,-1.464610
1418.981641,-15.491200,-15.677565,-0.188157
1418.982812,-15.454627,-15.656178,0.659918
1418.983984,-15.441378,-15.647355,0.907715
1418.985156,-15.445818,-15.632052,-0.195401
1418.986328,-15.428439,-15.599485,-1.040628
1418.987500,-15.420690,-15.571584,-2.157514
1418.988672,-15.410011,-15.550262,-2.745294
1418.989844,-15.384130,-15.527409,-2.578289
1418.991016,-15.347300,-15.506371,-1.704942
1418.992188,-15.322311,-15.487278,-1.378121
1418.993359,-15.328675,-15.466097,-2.901322
1418.994531,-15.316923,-15.444374,-3.450309
1418.995703,-15.297440,-15.416627,-3.904374
1418.996875,-15.287981,-15.394931,-4.575185
1418.998047,-15.234535,-15.381985,-2.347911
1418.999219,-15.192003,-15.360627,-1.175144
1419.000391,-15.163748,-15.334001,-1.084702
1419.001562,-15.127190,-15.310489,-0.358977
1419.002734,-15.095289,-15.294284,0.516996
1419.003906,-15.084387,-15.270375,-0.209115
1419.005078,-15.081198,-15.251192,-1.099052
1419.006250,-15.046318,-15.229049,-0.390636
1419.007422,-15.023141,-15.207489,-0.300526
1419.008594,-15.032662,-15.189341,-1.837468
1419.009766,-15.006327,-15.167881,-1.567329
1419.010937,-14.979405,-15.146741,-1.246674
1419.012109,-14.963111,-15.119890,-1.831882
1419.013281,-14.951366,-15.101196,-2.216353
1419.014453,-14.924478,-15.082336,-1.772104
1419.015625,-14.912100,-15.062943,-2.160362
1419.016797,-14.906582,-15.053544,-2.374842
1419.017969,-14.888450,-15.036769,-2.299855
1419.019141,-14.857644,-15.012097,-1.960648
1419.020313,-14.810415,-14.988104,-0.671337
1419.021484,-14.769505,-14.968016,0.489955
1419.022656,-14.774525,-14.952989,-0.628204
1419.023828,-14.788756,-14.939066,-2.189837
1419.025000,-14.758430,-14.915037,-1.841449
1419.026172,-14.730194,-14.888855,-1.727670
1419.027344,-14.732388,-14.876031,-2.558105
1419.028516,-14.706823,-14.858934,-2.090215
1419.029687,-14.652654,-14.832005,-0.578821
1419.030859,-14.639109,-14.816703,-0.676591
1419.032031,-14.651847,-14.808516,-1.837993
1419.033203,-14.635076,-14.786877,-2.107358
1419.034375,-14.607800,-14.765003,-1.808380
1419.035547,-14.573164,-14.749846,-0.727300
1419.036719,-14.541437,-14.736775,0.312636
1419.037891,-14.536530,-14.717313,-0.499107
1419.039062,-14.556848,-14.699194,-2.629718
1419.040234,-14.544348,-14.681760,-2.901847
1419.041406,-14.494905,-14.663088,-1.199670
1419.042578,-14.440163,-14.642868,0.724535
1419.043750,-14.402951,-14.625544,1.839956
1419.044922,-14.392494,-14.606519,1.358794
1419.046094,-14.390254,-14.584803,0.268535
1419.047266,-14.368078,-14.568092,0.573982
1419.048437,-14.367567,-14.551797,-0.307134
1419.049609,-14.372665,-14.541042,-1.188859
1419.050781,-14.362804,-14.528694,-1.326914
1419.051953,-14.343653,-14.510032,-1.299762
1419.053125,-14.321837,-14.492631,-1.054646
1419.054297,-14.297802,-14.465781,-1.210923
1419.055469,-14.277982,-14.446426,-1.185098
1419.056641,-14.269104,-14.432823,-1.447301
1419.057812,-14.238524,-14.414515,-0.765817
1419.058984,-14.220888,-14.403824,-0.379217
1419.060156,-14.228500,-14.390427,-1.546730
1419.061328,-14.206525,-14.371370,-1.384840
1419.062500,-14.187221,-14.357218,-1.098886
1419.063672,-14.188571,-14.339046,-2.180657
1419.064844,-14.169119,-14.324122,-1.930178
1419.066016,-14.165320,-14.312014,-2.389690
1419.067188,-14.171162,-14.301695,-3.280732
1419.068359,-14.134048,-14.288076,-1.984178
1419.069531,-14.079686,-14.274588,0.288249
1419.070703,-14.052839,-14.261908,1.080858
1419.071875,-14.054666,-14.242207,-0.122544
1419.073047,-14.056660,-14.226613,-1.101319
1419.074219,-14.040375,-14.211415,-1.040932
1419.075391,-14.046458,-14.195042,-2.285256
1419.076562,-14.047108,-14.175184,-3.415912
1419.077734,-14.015734,-14.163752,-2.316501
1419.078906,-13.983035,-14.156574,-0.902103
1419.080078,-13.980771,-14.143114,-1.523615
1419.081250,-13.954734,-14.129122,-0.854904
1419.082422,-13.921313,-14.110898,-0.008571
1419.083594,-13.902440,-14.098108,0.331079
1419.084766,-13.883759,-14.088305,0.827559
1419.085938,-13.895489,-14.074995,-0.570194
1419.087109,-13.880621,-14.057451,-0.719088
1419.088281,-13.865781,-14.040041,-0.862010
1419.089453,-13.860775,-14.026118,-1.357218
1419.090625,-13.849882,-14.010711,-1.607560
1419.091797,-13.839529,-13.991722,-2.085680
1419.092969,-13.832113,-13.980380,-2.302759
1419.094141,-13.782883,-13.978313,0.317807
1419.095312,-13.759660,-13.967576,1.016324
1419.096484,-13.778163,-13.954651,-0.738139
1419.097656,-13.762590,-13.944415,-0.441097
1419.098828,-13.748507,-13.926460,-0.656572
1419.100000,-13.754732,-13.905773,-2.149385
1419.101172,-13.743618,-13.899135,-1.901781
1419.102344,-13.721395,-13.893147,-1.001365
1419.103516,-13.694994,-13.876055,-0.483650
1419.104687,-13.684564,-13.864870,-0.525650
1419.105859,-13.652218,-13.852411,0.584019
1419.107031,-13.657308,-13.834256,-0.712508
1419.108203,-13.652148,-13.820976,-1.163808
1419.109375,-13.617571,-13.814873,0.422351
1419.110547,-13.591692,-13.814057,1.827182
1419.111719,-13.591906,-13.805333,1.325283
1419.112891,-13.605158,-13.789434,-0.304507
1419.114063,-13.617783,-13.770601,-2.051090
1419.115234,-13.602146,-13.747389,-2.469819
1419.116406,-13.559843,-13.731682,-0.996582
1419.117578,-13.552610,-13.725533,-0.936388
1419.118750,-13.535895,-13.719233,-0.356848
1419.119922,-13.516722,-13.714562,0.452489
1419.121094,-13.513195,-13.706371,0.191890
1419.122266,-13.510276,-13.693503,-0.362959
1419.123437,-13.511075,-13.681171,-1.093384
1419.124609,-13.500860,-13.667496,-1.285522
1419.125781,-13.481752,-13.660738,-0.599171
1419.126953,-13.459543,-13.655895,0.369291
1419.128125,-13.429642,-13.647692,1.584721
1419.129297,-13.424522,-13.633822,1.093854
1419.130469,-13.442909,-13.615394,-0.960720
1419.131641,-13.448848,-13.610952,-1.536831
1419.132812,-13.419866,-13.607649,-0.109051
1419.133984,-13.399898,-13.590094,0.025548
1419.135156,-13.400774,-13.577049,-0.749946
1419.136328,-13.379965,-13.566747,-0.164876
1419.137500,-13.367565,-13.554183,-0.174028
1419.138672,-13.345846,-13.545237,0.539116
1419.139844,-13.339100,-13.541790,0.723706
1419.141016,-13.344287,-13.534326,0.016756
1419.142187,-13.324424,-13.520535,0.355798
1419.143359,-13.319948,-13.509249,-0.024415
1419.144531,-13.328414,-13.504697,-0.749531
1419.145703,-13.300507,-13.494934,0.261761
1419.146875,-13.274556,-13.486628,1.249218
1419.148047,-13.264767,-13.477989,1.313780
1419.149219,-13.271034,-13.463001,0.124396
1419.150391,-13.289338,-13.454653,-1.358822
1419.151562,-13.280643,-13.445978,-1.357688
1419.152734,-13.266214,-13.435595,-1.133144
1419.153906,-13.251318,-13.430044,-0.613604
1419.155078,-13.248959,-13.431656,-0.392517
1419.156250,-13.253729,-13.422905,-1.144481
1419.157422,-13.265242,-13.403264,-2.868197
1419.158594,-13.248415,-13.397571,-2.253625
1419.159766,-13.224749,-13.396749,-0.987568
1419.160938,-13.218332,-13.387901,-1.122665
1419.162109,-13.210045,-13.384124,-0.872075
1419.163281,-13.192506,-13.387223,0.277963
1419.164453,-13.181486,-13.372208,0.054857
1419.165625,-13.181571,-13.356256,-0.838425
1419.166797,-13.164884,-13.351454,-0.176682
1419.167969,-13.146567,-13.347894,0.647393
1419.169141,-13.144847,-13.335089,0.028092
1419.170312,-13.149252,-13.325905,-0.728959
1419.171484,-13.119660,-13.313302,0.217880
1419.172656,-13.103057,-13.307873,0.842683
1419.173828,-13.117924,-13.301674,-0.333844
1419.175000,-13.120825,-13.293676,-0.940315
1419.176172,-13.116160,-13.292905,-0.723872
1419.177344,-13.135717,-13.291989,-1.859975
1419.178516,-13.141039,-13.285232,-2.527800
1419.179688,-13.115273,-13.281643,-1.300232
1419.180859,-13.083800,-13.267241,-0.351125
1419.182031,-13.055039,-13.251955,0.400784
1419.183203,-13.055721,-13.248242,0.155309
1419.184375,-13.066182,-13.243718,-0.679826
1419.185547,-13.058968,-13.244071,-0.258443
1419.186719,-13.029590,-13.239771,1.143237
1419.187891,-13.036104,-13.231825,0.334010
1419.189062,-13.061932,-13.222475,-1.623375
1419.190234,-13.047141,-13.217255,-1.092416
1419.191406,-13.016665,-13.218852,0.695586
1419.192578,-13.004633,-13.217079,1.270232
1419.193750,-13.019417,-13.214794,0.314821
1419.194922,-13.021235,-13.208521,-0.136811
1419.196094,-12.997375,-13.195044,0.442895
1419.197266,-13.000351,-13.181672,-0.469134
1419.198437,-13.014995,-13.174409,-1.685947
1419.199609,-13.008677,-13.170851,-1.532988
1419.200781,-12.991741,-13.160421,-1.172020
1419.201953,-12.978033,-13.156546,-0.625494
1419.203125,-12.970034,-13.163795,0.224544
1419.204297,-12.953039,-13.167610,1.389430
1419.205469,-12.962419,-13.158761,0.368738
1419.206641,-12.964912,-13.146354,-0.462443
1419.207813,-12.952804,-13.144011,0.081954
1419.208984,-12.939978,-13.140531,0.604121
1419.210156,-12.931486,-13.134335,0.732554
1419.211328,-12.927169,-13.130427,0.755503
1419.212500,-12.937546,-13.127328,0.002461
1419.213672,-12.924465,-13.119637,0.303318
1419.214844,-12.918454,-13.108864,0.037465
1419.216016,-12.906136,-13.096255,0.021290
1419.217187,-12.904282,-13.096359,0.130562
1419.218359,-12.919501,-13.100010,-0.514397
1419.219531,-12.919044,-13.091843,-0.943273
1419.220703,-12.925402,-13.088937,-1.457504
1419.221875,-12.913369,-13.090185,-0.719890
1419.223047,-12.896365,-13.081274,-0.269281
1419.224219,-12.911964,-13.079520,-1.234453
1419.225391,-12.900845,-13.080168,-0.580369
1419.226562,-12.879237,-13.079434,0.584240
1419.227734,-12.875635,-13.075872,0.586480
1419.228906,-12.878254,-13.070263,0.126719
1419.230078,-12.866197,-13.067389,0.639872
1419.231250,-12.864280,-13.062929,0.497696
1419.232422,-12.877691,-13.059755,-0.427770
1419.233594,-12.866181,-13.054809,-0.061963
1419.234766,-12.839773,-13.048901,1.084177
1419.235937,-12.832140,-13.048332,1.480426
1419.237109,-12.843916,-13.048616,0.836213
1419.238281,-12.853689,-13.043966,0.030083
1419.239453,-12.854442,-13.046966,0.155475
1419.240625,-12.845448,-13.043183,0.446627
1419.241797,-12.853132,-13.033949,-0.497226
1419.242969,-12.854805,-13.032749,-0.657125
1419.244141,-12.841048,-13.039707,0.498222
1419.245312,-12.833813,-13.034792,0.627982
1419.246484,-12.819514,-13.029218,1.116471
1419.247656,-12.834356,-13.021578,-0.140378
1419.248828,-12.832846,-13.015343,-0.403659
1419.250000,-12.820772,-13.016063,0.309982
1419.251172,-12.830525,-13.015437,-0.269116
1419.252344,-12.876162,-13.012363,-2.968566
1419.253516,-12.879114,-13.012497,-3.123875
1419.254688,-12.836447,-13.011433,-0.821669
1419.255859,-12.850039,-13.007919,-1.770887
1419.257031,-12.853747,-13.007399,-2.005026
1419.258203,-12.826009,-13.003904,-0.659835
1419.259375,-12.822646,-12.993684,-1.041098
1419.260547,-12.821264,-12.993306,-0.985301
1419.261719,-12.813757,-12.997190,-0.351540
1419.262891,-12.819672,-12.997645,-0.655466
1419.264062,-12.816162,-13.000771,-0.286037
1419.265234,-12.788784,-12.997006,1.033467
1419.266406,-12.792591,-12.990781,0.471982
1419.267578,-12.807947,-12.993282,-0.245530
1419.268750,-12.805721,-12.992744,-0.151438
1419.269922,-12.790686,-12.989577,0.511217
1419.271094,-12.791781,-12.988849,0.409245
1419.272266,-12.803496,-12.986385,-0.381816
1419.273438,-12.797338,-12.982656,-0.246526
1419.274609,-12.784359,-12.987513,0.749641
1419.275781,-12.770658,-12.990371,1.678094
1419.276953,-12.773640,-12.981854,1.033052
1419.278125,-12.804571,-12.979583,-0.820231
1419.279297,-12.816256,-12.976194,-1.656859
1419.280469,-12.794589,-12.975287,-0.503807
1419.281641,-12.812096,-12.979050,-1.267854
1419.282812,-12.800434,-12.979849,-0.575282
1419.283984,-12.798073,-12.977104,-0.596627
1419.285156,-12.826622,-12.972503,-2.434565
1419.286328,-12.815923,-12.966543,-2.172639
1419.287500,-12.782314,-12.969040,-0.168028
1419.288672,-12.785755,-12.973810,-0.093899
1419.289844,-12.807216,-12.971953,-1.390813
1419.291016,-12.781509,-12.971582,0.018691
1419.292187,-12.747588,-12.969279,1.789302
1419.293359,-12.759974,-12.969431,1.102674
1419.294531,-12.791327,-12.978457,-0.145466
1419.295703,-12.811043,-12.978925,-1.216343
1419.296875,-12.828304,-12.974605,-2.411395
1419.298047,-12.822054,-12.976719,-1.948924
1419.299219,-12.796299,-12.980180,-0.326572
1419.300391,-12.792601,-12.976767,-0.310673
1419.301563,-12.770304,-12.974744,0.821642
1419.302734,-12.753682,-12.970615,1.522039
1419.303906,-12.772100,-12.966288,0.248351
1419.305078,-12.782516,-12.965326,-0.386240
1419.306250,-12.792630,-12.966109,-0.905420
1419.307422,-12.822008,-12.968244,-2.414989
1419.308594,-12.809530,-12.970380,-1.606398
1419.309766,-12.780758,-12.965874,-0.257751
1419.310937,-12.774978,-12.965669,0.053171
1419.312109,-12.772205,-12.972801,0.606526
1419.313281,-12.765780,-12.977042,1.203817
1419.314453,-12.750118,-12.979809,2.239302
1419.315625,-12.762699,-12.976925,1.370075
1419.316797,-12.779194,-12.974464,0.308848
1419.317969,-12.774847,-12.969674,0.284074
1419.319141,-12.772221,-12.964085,0.118645
1419.320312,-12.805410,-12.965296,-1.659818
1419.321484,-12.811631,-12.968669,-1.817560
1419.322656,-12.786045,-12.973036,-0.153235
1419.323828,-12.774912,-12.976827,0.680323
1419.325000,-12.793785,-12.981470,-0.114525
1419.326172,-12.806376,-12.978245,-0.994951
1419.327344,-12.791040,-12.972220,-0.477014
1419.328516,-12.777434,-12.975072,0.441125
1419.329687,-12.783506,-12.981220,0.445383
1419.330859,-12.792550,-12.982449,0.008959
1419.332031,-12.799433,-12.982568,-0.368129
1419.333203,-12.793731,-12.979872,-0.200599
1419.334375,-12.791882,-12.985073,0.192747
1419.335547,-12.783443,-12.992064,1.055753
1419.336719,-12.780303,-12.993382,1.305762
1419.337891,-12.797733,-12.989806,0.130286
1419.339062,-12.809610,-12.983632,-0.875255
1419.340234,-12.828504,-12.987351,-1.717329
1419.341406,-12.832943,-12.995293,-1.523255
1419.342578,-12.816323,-12.998594,-0.416240
1419.343750,-12.813611,-12.995181,-0.455282
1419.344922,-12.844486,-12.990805,-2.410399
1419.346094,-12.843133,-12.998808,-1.893016
1419.347266,-12.814817,-13.009191,0.258719
1419.348438,-12.789665,-12.999164,1.104969
1419.349609,-12.783800,-13.004692,1.744371
1419.350781,-12.796350,-13.012815,1.495689
1419.351953,-12.797126,-13.006506,1.098361
1419.353125,-12.792281,-13.005005,1.285799
1419.354297,-12.799502,-13.008270,1.064047
1419.355469,-12.829718,-13.002335,-0.953338
1419.356641,-12.830288,-13.010347,-0.539392
1419.357812,-12.830058,-13.024466,0.260655
1419.358984,-12.848071,-13.023567,-0.793301
1419.360156,-12.857834,-13.013596,-1.888205
1419.361328,-12.854862,-13.008097,-2.028085
1419.362500,-12.858477,-13.012648,-1.976270
1419.363672,-12.881774,-13.021601,-2.768713
1419.364844,-12.887536,-13.035165,-2.338012
1419.366016,-12.864108,-13.041031,-0.713946
1419.367188,-12.841412,-13.034476,0.185668
1419.368359,-12.833838,-13.025866,0.127742
1419.369531,-12.847060,-13.025168,-0.648001
1419.370703,-12.859740,-13.028004,-1.195163
1419.371875,-12.843829,-13.027419,-0.342775
1419.373047,-12.834009,-13.033013,0.517521
1419.374219,-12.846504,-13.036791,0.030608
1419.375391,-12.865710,-13.039091,-0.910895
1419.376562,-12.860719,-13.045502,-0.276304
1419.377734,-12.850171,-13.051671,0.657098
1419.378906,-12.844777,-13.044722,0.570111
1419.380078,-12.859621,-13.045710,-0.203530
1419.381250,-12.874920,-13.050804,-0.771706
1419.382422,-12.879857,-13.050369,-1.070269
1419.383594,-12.867804,-13.050036,-0.418369
1419.384766,-12.858360,-13.055090,0.390388
1419.385937,-12.875553,-13.060266,-0.280175
1419.387109,-12.876354,-13.067554,0.081595
1419.388281,-12.861991,-13.066494,0.825153
1419.389453,-12.858244,-13.063461,0.865162
1419.390625,-12.872115,-13.064498,0.147595
1419.391797,-12.893549,-13.075096,-0.456554
1419.392969,-12.911502,-13.077446,-1.323873
1419.394141,-12.897861,-13.075948,-0.649217
1419.395313,-12.897607,-13.080503,-0.381457
1419.396484,-12.914191,-13.081341,-1.256988
1419.397656,-12.916141,-13.080643,-1.403891
1419.398828,-12.909785,-13.080592,-1.053900
1419.400000,-12.912678,-13.081224,-1.179430
1419.401172,-12.920304,-13.082719,-1.519661
1419.402344,-12.918699,-13.090466,-1.000564
1419.403516,-12.910511,-13.096159,-0.228083
1419.404687,-12.907494,-13.098532,0.072553
1419.405859,-12.905078,-13.102528,0.430618
1419.407031,-12.893579,-13.101110,0.994729
1419.408203,-12.892281,-13.103113,1.179762
1419.409375,-12.916681,-13.111715,0.295659
1419.410547,-12.940780,-13.116070,-0.804748
1419.411719,-12.927807,-13.117848,0.016922
1419.412891,-12.916284,-13.109272,0.181410
1419.414062,-12.886486,-13.083854,0.426028
1419.415234,-12.874137,-13.062674,-0.067023
1419.416406,-12.934876,-13.098606,-1.446721
1419.417578,-12.963718,-13.125091,-1.577421
1419.418750,-12.952644,-13.124758,-0.981319
1419.419922,-12.946092,-13.116133,-1.096453
1419.421094,-12.943159,-13.122472,-0.580950
1419.422266,-12.932491,-13.126535,0.240360
1419.423437,-12.949085,-13.130441,-0.467226
1419.424609,-12.971264,-13.137733,-1.294785
1419.425781,-12.967058,-13.136049,-1.154766
1419.426953,-12.954748,-13.132648,-0.659558
1419.428125,-12.958927,-13.126070,-1.257375
1419.429297,-12.977904,-13.128453,-2.176620
1419.430469,-12.973629,-13.142100,-1.183605
1419.431641,-12.973318,-13.150562,-0.696056
1419.432812,-12.984952,-13.147341,-1.521071
1419.433984,-12.983595,-13.143221,-1.674196
1419.435156,-12.962541,-13.146980,-0.295438
1419.436328,-12.925843,-13.164278,2.732160
1419.437500,-12.923628,-13.172218,3.305838
1419.438672,-12.964278,-13.172615,1.039881
1419.439844,-12.988712,-13.170434,-0.446848
1419.441016,-12.986891,-13.161057,-0.867264
1419.442188,-12.963968,-13.158350,0.259217
1419.443359,-12.953671,-13.164005,1.151863
1419.444531,-12.965876,-13.168789,0.736176
1419.445703,-12.967014,-13.179667,1.281790
1419.446875,-12.972719,-13.183579,1.181310
1419.448047,-12.995397,-13.185258,0.006885
1419.449219,-13.010243,-13.186417,-0.755642
1419.450391,-13.014259,-13.188116,-0.884434
1419.451562,-13.022055,-13.186714,-1.395154
1419.452734,-13.015714,-13.189382,-0.894941
1419.453906,-13.002373,-13.193751,0.091549
1419.455078,-12.989141,-13.192197,0.744195
1419.456250,-12.983225,-13.190904,1.003024
1419.457422,-12.991705,-13.195774,0.800877
1419.458594,-13.013617,-13.198152,-0.290129
1419.459766,-13.020010,-13.210793,0.058286
1419.460938,-13.017310,-13.216348,0.519374
1419.462109,-13.030229,-13.206591,-0.745135
1419.463281,-13.023458,-13.213049,-0.008240
1419.464453,-13.024426,-13.215977,0.101115
1419.465625,-13.042288,-13.215493,-0.920628
1419.466797,-13.050102,-13.221796,-1.004628
1419.467969,-13.058004,-13.228600,-1.065679
1419.469141,-13.044773,-13.231249,-0.181936
1419.470312,-13.024639,-13.232432,1.009411
1419.471484,-13.035126,-13.232360,0.418590
1419.472656,-13.050567,-13.225726,-0.812019
1419.473828,-12.987511,-13.144114,-1.841643
1419.475000,-12.893835,-13.035623,-2.660547
1419.476172,-12.975463,-13.142763,-1.248638
1419.477344,-13.044143,-13.239069,0.289632
1419.478516,-13.048968,-13.253607,0.832757
1419.479687,-13.043884,-13.248770,0.846582
1419.480859,-13.051261,-13.243227,0.124341
1419.482031,-13.051829,-13.246955,0.300775
1419.483203,-13.059982,-13.251823,0.117346
1419.484375,-13.082355,-13.259205,-0.718038
1419.485547,-13.095431,-13.266038,-1.065043
1419.486719,-13.079924,-13.266130,-0.196950
1419.487891,-13.064680,-13.269501,0.842932
1419.489063,-13.083543,-13.277409,0.230406
1419.490234,-13.089963,-13.278113,-0.088562
1419.491406,-13.091878,-13.269592,-0.669899
1419.492578,-13.107028,-13.265991,-1.710915
1419.493750,-13.125568,-13.264457,-2.820474
1419.494922,-13.130730,-13.266250,-3.006142
1419.496094,-13.108916,-13.268785,-1.660730
1419.497266,-13.080912,-13.273081,0.135678
1419.498437,-13.078787,-13.279476,0.611752
1419.499609,-13.109470,-13.282338,-0.939402
1419.500781,-13.103706,-13.276455,-0.946038
1419.501953,-13.094335,-13.279032,-0.281088
1419.503125,-13.107748,-13.290787,-0.373494
1419.504297,-13.104219,-13.292092,-0.104046
1419.505469,-13.093929,-13.294933,0.629365
1419.506641,-13.109198,-13.294998,-0.219595
1419.507812,-13.127998,-13.289491,-1.570785
1419.508984,-13.099656,-13.298557,0.511770
1419.510156,-13.100530,-13.305249,0.837291
1419.511328,-13.110724,-13.299731,-0.040811
1419.512500,-13.108662,-13.303143,0.264747
1419.513672,-13.099032,-13.313928,1.407624
1419.514844,-13.088794,-13.317956,2.209551
1419.516016,-13.099127,-13.320436,1.767790
1419.517187,-13.124483,-13.316760,0.141678
1419.518359,-13.142070,-13.310307,-1.196628
1419.519531,-13.144737,-13.304296,-1.677901
1419.520703,-13.142351,-13.304453,-1.536997
1419.521875,-13.132983,-13.313483,-0.514867
1419.523047,-13.137235,-13.307381,-1.090619
1419.524219,-13.152863,-13.313520,-1.617016
1419.525391,-13.145084,-13.326166,-0.482461
1419.526562,-13.147073,-13.322163,-0.815890
1419.527734,-13.162169,-13.323933,-1.555772
1419.528906,-13.152931,-13.327812,-0.827503
1419.530078,-13.144543,-13.324806,-0.528028
1419.531250,-13.140535,-13.332298,0.113005
1419.532422,-13.134562,-13.331510,0.402581
1419.533594,-13.135358,-13.322514,-0.144028
1419.534766,-13.153788,-13.324491,-1.059679
1419.535938,-13.152540,-13.337280,-0.278682
1419.537109,-13.148732,-13.345832,0.411070
1419.538281,-13.133840,-13.342663,1.067144
1419.539453,-13.131251,-13.334612,0.761227
1419.540625,-13.139616,-13.330488,0.063290
1419.541797,-13.137625,-13.332455,0.284240
1419.542969,-13.133975,-13.341034,0.968296
1419.544141,-13.137867,-13.343501,0.888499
1419.545312,-13.167200,-13.342833,-0.785697
1419.546484,-13.165087,-13.341350,-0.750637
1419.547656,-13.151285,-13.342133,0.061908
1419.548828,-13.159256,-13.350611,0.090221
1419.550000,-13.169840,-13.352905,-0.372000
1419.551172,-13.165923,-13.347843,-0.435789
1419.552344,-13.167991,-13.346671,-0.616148
1419.553516,-13.185270,-13.348835,-1.455873
1419.554688,-13.200382,-13.355622,-1.917099
1419.555859,-13.194861,-13.362346,-1.238407
1419.557031,-13.164186,-13.361386,0.416710
1419.558203,-13.169021,-13.355000,-0.209641
1419.559375,-13.193854,-13.356833,-1.488361
1419.560547,-13.178473,-13.361708,-0.362600
1419.561719,-13.156652,-13.357600,0.626213
1419.562891,-13.166142,-13.356938,0.059088
1419.564062,-13.181910,-13.355044,-0.924554
1419.565234,-13.186754,-13.353911,-1.256573
1419.566406,-13.187381,-13.355995,-1.175670
1419.567578,-13.176127,-13.360613,-0.292894
1419.568750,-13.172729,-13.366583,0.229715
1419.569922,-13.181780,-13.359891,-0.647835
1419.571094,-13.178823,-13.361550,-0.390858
1419.572266,-13.188523,-13.371459,-0.379217
1419.573437,-13.202148,-13.376251,-0.870748
1419.574609,-13.190891,-13.370147,-0.584130
1419.575781,-13.172046,-13.364228,0.136424
1419.576953,-13.181401,-13.365464,-0.316424
1419.578125,-13.181662,-13.370495,-0.050489
1419.579297,-13.177871,-13.376551,0.499383
1419.580469,-13.216137,-13.379370,-1.474288
1419.581641,-13.226801,-13.383387,-1.842611
1419.582813,-13.200211,-13.378969,-0.611807
1419.583984,-13.193443,-13.376990,-0.345180
1419.585156,-13.203307,-13.382983,-0.560738
1419.586328,-13.215771,-13.374524,-1.722555
1419.587500,-13.205074,-13.364361,-1.693025
1419.588672,-13.200203,-13.377043,-0.718563
1419.589844,-13.187519,-13.385504,0.460535
1419.591016,-13.176402,-13.376703,0.590047
1419.592187,-13.190935,-13.368082,-0.701476
1419.593359,-13.191866,-13.373667,-0.442425
1419.594531,-13.181427,-13.377600,0.359254
1419.595703,-13.183459,-13.380816,0.425392
1419.596875,-13.193303,-13.376921,-0.341226
1419.598047,-13.185566,-13.371660,-0.203226
1419.599219,-13.179588,-13.369495,0.009429
1419.600391,-13.186987,-13.369148,-0.422351
1419.601562,-13.189240,-13.370313,-0.483014
1419.602734,-13.184912,-13.376614,0.109576
1419.603906,-13.182922,-13.376161,0.195346
1419.605078,-13.204157,-13.377067,-0.937080
1419.606250,-13.226571,-13.386832,-1.638997
1419.607422,-13.217268,-13.389023,-1.001255
1419.608594,-13.205568,-13.379410,-0.885291
1419.609766,-13.193621,-13.370954,-0.691135
1419.610937,-13.182278,-13.368917,-0.172867
1419.612109,-13.189373,-13.369469,-0.537374
1419.613281,-13.195456,-13.372575,-0.703024
1419.614453,-13.212495,-13.379004,-1.292545
1419.615625,-13.225951,-13.370165,-2.526639
1419.616797,-13.203770,-13.356941,-2.031569
1419.617969,-13.187235,-13.361162,-0.880508
1419.619141,-13.193092,-13.379794,-0.169355
1419.620312,-13.207287,-13.393572,-0.192581
1419.621484,-13.194725,-13.391510,0.393484
1419.622656,-13.181686,-13.385960,0.812296
1419.623828,-13.184861,-13.375313,0.039816
1419.625000,-13.171754,-13.359472,-0.112673
1419.626172,-13.189995,-13.358506,-1.181393
1419.627344,-13.211039,-13.369733,-1.725818
1419.628516,-13.199162,-13.375751,-0.732499
1419.629688,-13.188044,-13.378901,0.062489
1419.630859,-13.184384,-13.376839,0.151576
1419.632031,-13.192654,-13.378403,-0.222470
1419.633203,-13.193331,-13.374565,-0.473973
1419.634375,-13.174509,-13.371016,0.377918
1419.635547,-13.132897,-13.367270,2.503109
1419.636719,-13.137444,-13.369970,2.399063
1419.637891,-13.160344,-13.371359,1.189965
1419.639062,-13.177765,-13.359241,-0.460535
1419.640234,-13.186529,-13.350181,-1.451062
1419.641406,-13.175541,-13.349861,-0.858665
1419.642578,-13.169882,-13.359730,0.006138
1419.643750,-13.151722,-13.360012,1.037255
1419.644922,-13.133253,-13.352613,1.658325
1419.646094,-13.155327,-13.352460,0.412922
1419.647266,-13.158009,-13.361465,0.766563
1419.648438,-13.136128,-13.369552,2.449579
1419.649609,-13.137011,-13.370166,2.434482
1419.650781,-13.133298,-13.360820,2.117229
1419.651953,-13.157166,-13.357030,0.565632
1419.653125,-13.169436,-13.360134,0.053530
1419.654297,-13.166408,-13.355986,-0.008931
1419.655469,-13.163597,-13.350848,-0.138719
1419.656641,-13.169144,-13.346834,-0.671227
1419.657812,-13.159820,-13.345657,-0.217521
1419.658984,-13.139320,-13.346489,0.974434
1419.660156,-13.166811,-13.341765,-0.823411
1419.661328,-13.182048,-13.340652,-1.730795
1419.662500,-13.151022,-13.350772,0.559217
1419.663672,-13.147451,-13.351184,0.782019
1419.664844,-13.161974,-13.353752,0.113834
1419.666016,-13.155299,-13.349875,0.270083
1419.667187,-13.144690,-13.342478,0.449558
1419.668359,-13.137932,-13.339953,0.686296
1419.669531,-13.177811,-13.344641,-1.274711
1419.670703,-13.184196,-13.344054,-1.661311
1419.671875,-13.172121,-13.342407,-1.082849
1419.673047,-13.155806,-13.338994,-0.365143
1419.674219,-13.135550,-13.336407,0.621153
1419.675391,-13.147013,-13.337276,0.029336
1419.676563,-13.147348,-13.337722,0.035447
1419.677734,-13.131333,-13.334231,0.735319
1419.678906,-13.104209,-13.330460,2.045698
1419.680078,-13.116459,-13.333401,1.522509
1419.681250,-13.155924,-13.334365,-0.629475
1419.682422,-13.158339,-13.326989,-1.173651
1419.683594,-13.125929,-13.325206,0.532784
1419.684766,-13.107935,-13.330236,1.823588
1419.685937,-13.108458,-13.331481,1.864177
1419.687109,-13.119398,-13.325697,0.925715
1419.688281,-13.105508,-13.319305,1.346048
1419.689453,-13.093791,-13.316681,1.856684
1419.690625,-13.130978,-13.316016,-0.262065
1419.691797,-13.149377,-13.316356,-1.266472
1419.692969,-13.130502,-13.319398,-0.046977
1419.694141,-13.120116,-13.306953,-0.161807
1419.695312,-13.115893,-13.295507,-0.564194
1419.696484,-13.127364,-13.302256,-0.826923
1419.697656,-13.134899,-13.304353,-1.129080
1419.698828,-13.114716,-13.304156,-0.016590
1419.700000,-13.118773,-13.307856,-0.036553
1419.701172,-13.128834,-13.308931,-0.537263
1419.702344,-13.116984,-13.301275,-0.303733
1419.703516,-13.089486,-13.288145,0.498222
1419.704687,-13.074721,-13.289190,1.383707
1419.705859,-13.080544,-13.296520,1.468288
1419.707031,-13.105546,-13.295870,0.032682
1419.708203,-13.102093,-13.281168,-0.594167
1419.709375,-13.106091,-13.278667,-0.955577
1419.710547,-13.109339,-13.287848,-0.625660
1419.711719,-13.109521,-13.288008,-0.626932
1419.712891,-13.076679,-13.279358,0.723042
1419.714062,-13.081979,-13.274055,0.130452
1419.715234,-13.102055,-13.274996,-0.935338
1419.716406,-13.077110,-13.273415,0.366609
1419.717578,-13.077202,-13.274430,0.418259
1419.718750,-13.088428,-13.275708,-0.137115
1419.719922,-13.088381,-13.268661,-0.527088
1419.721094,-13.070789,-13.262578,0.114443
1419.722266,-13.064580,-13.265413,0.619826
1419.723438,-13.077967,-13.258615,-0.506572
1419.724609,-13.081742,-13.248282,-1.290803
1419.725781,-13.077042,-13.249330,-0.971614
1419.726953,-13.054111,-13.257684,0.773061
1419.728125,-13.053598,-13.259726,0.916093
1419.729297,-13.071752,-13.260966,-0.029198
1419.730469,-13.058527,-13.258077,0.548019
1419.731641,-13.048378,-13.254322,0.905835
1419.732812,-13.054171,-13.250918,0.391411
1419.733984,-13.056234,-13.251154,0.289245
1419.735156,-13.063587,-13.253747,0.023530
1419.736328,-13.059869,-13.251570,0.109521
1419.737500,-13.037193,-13.244678,0.992158
1419.738672,-13.033588,-13.240328,0.950407
1419.739844,-13.051298,-13.236977,-0.226397
1419.741016,-13.048491,-13.229528,-0.484978
1419.742188,-13.031864,-13.225372,0.210415
1419.743359,-13.024387,-13.225116,0.613936
1419.744531,-13.009528,-13.226673,1.533928
1419.745703,-13.021841,-13.231038,1.088075
1419.746875,-13.052215,-13.230633,-0.630747
1419.748047,-13.060734,-13.224943,-1.420122
1419.749219,-13.047417,-13.220053,-0.952287
1419.750391,-13.032537,-13.215533,-0.375816
1419.751562,-13.021173,-13.211894,0.054830
1419.752734,-13.024802,-13.213606,-0.052120
1419.753906,-13.017979,-13.218128,0.581558
1419.755078,-13.006620,-13.213814,0.975817
1419.756250,-13.029345,-13.208071,-0.613604
1419.757422,-13.029039,-13.214149,-0.258111
1419.758594,-13.024294,-13.215750,0.095862
1419.759766,-13.029637,-13.208833,-0.587475
1419.760937,-13.013724,-13.205086,0.090581
1419.762109,-12.983946,-13.201152,1.537329
1419.763281,-12.981882,-13.192611,1.173928
1419.764453,-12.975484,-13.187622,1.252979
1419.765625,-12.960676,-13.191034,2.276906
1419.766797,-12.968412,-13.187699,1.654205
1419.767969,-12.960086,-13.186726,2.067597
1419.769141,-12.965063,-13.184962,1.688601
1419.770313,-12.982494,-13.174400,0.120968
1419.771484,-12.993537,-13.175493,-0.433770
1419.772656,-13.001869,-13.177189,-0.803089
1419.773828,-13.011613,-13.176071,-1.406324
1419.775000,-13.002169,-13.175165,-0.932241
1419.776172,-13.012865,-13.168785,-1.879440
1419.777344,-13.022306,-13.171143,-2.271293
1419.778516,-12.992697,-13.167701,-0.820646
1419.779687,-12.975339,-13.154608,-0.583411
1419.780859,-12.954073,-13.160104,0.910702
1419.782031,-12.942886,-13.160897,1.582537
1419.783203,-12.968828,-13.154849,-0.207318
1419.784375,-12.988476,-13.152758,-1.416112
1419.785547,-12.969950,-13.150681,-0.501955
1419.786719,-12.962942,-13.141073,-0.646701
1419.787891,-12.971944,-13.141706,-1.111909
1419.789062,-12.980804,-13.152232,-1.019421
1419.790234,-12.966963,-13.146628,-0.561319
1419.791406,-12.944894,-13.132616,-0.112452
1419.792578,-12.937992,-13.127552,-0.009954
1419.793750,-12.950232,-13.128800,-0.622369
1419.794922,-12.953226,-13.124799,-1.011375
1419.796094,-12.929586,-13.123058,0.208397
1419.797266,-12.913571,-13.119117,0.883522
1419.798437,-12.917721,-13.122044,0.815089
1419.799609,-12.903435,-13.127895,1.944998
1419.800781,-12.890520,-13.122521,2.369450
1419.801953,-12.929426,-13.116673,-0.138940
1419.803125,-12.931229,-13.117458,-0.195650
1419.804297,-12.909206,-13.118396,1.087660
1419.805469,-12.916649,-13.111839,0.304397
1419.806641,-12.937359,-13.105459,-1.204204
1419.807812,-12.935081,-13.104020,-1.157670
1419.808984,-12.897736,-13.102889,0.861568
1419.810156,-12.888265,-13.102593,1.375854
1419.811328,-12.908386,-13.106004,0.439991
1419.812500,-12.892455,-13.107994,1.443762
1419.813672,-12.884428,-13.098812,1.378951
1419.814844,-12.880692,-13.094501,1.346684
1419.816016,-12.875675,-13.090347,1.395126
1419.817188,-12.902731,-13.085924,-0.364867
1419.818359,-12.918413,-13.085567,-1.256739
1419.819531,-12.891457,-13.090908,0.542517
1419.820703,-12.877008,-13.093245,1.482887
1419.821875,-12.872423,-13.084858,1.269596
1419.823047,-12.861660,-13.075084,1.325062
1419.824219,-12.860232,-13.075267,1.415449
1419.825391,-12.887939,-13.074931,-0.153180
1419.826562,-12.889338,-13.068580,-0.584876
1419.827734,-12.890185,-13.068590,-0.631494
1419.828906,-12.902112,-13.068720,-1.287043
1419.830078,-12.908924,-13.060047,-2.144851
1419.831250,-12.898754,-13.060535,-1.554749
1419.832422,-12.882241,-13.060511,-0.639015
1419.833594,-12.862875,-13.056521,0.218157
1419.834766,-12.833118,-13.052944,1.684481
1419.835938,-12.814444,-13.043466,2.201671
1419.837109,-12.818876,-13.040309,1.774758
1419.838281,-12.845568,-13.044928,0.537402
1419.839453,-12.875097,-13.045949,-1.051412
1419.840625,-12.882987,-13.041009,-1.763062
1419.841797,-12.872089,-13.042365,-1.083430
1419.842969,-12.857466,-13.050237,0.169272
1419.844141,-12.850676,-13.049689,0.518047
1419.845312,-12.860780,-13.046303,-0.235051
1419.846484,-12.868094,-13.051107,-0.374931
1419.847656,-12.885960,-13.045414,-1.683707
1419.848828,-12.867256,-13.036993,-1.113347
1419.850000,-12.830377,-13.034053,0.778895
1419.851172,-12.838213,-13.029879,0.107558
1419.852344,-12.843159,-13.021803,-0.618167
1419.853516,-12.842966,-13.024024,-0.483789
1419.854687,-12.840949,-13.021375,-0.519014
1419.855859,-12.850219,-13.016986,-1.278223
1419.857031,-12.861519,-13.022985,-1.572251
1419.858203,-12.859849,-13.022118,-1.527735
1419.859375,-12.837860,-13.020050,-0.420775
1419.860547,-12.816018,-13.024411,1.043034
1419.861719,-12.813224,-13.021880,1.057771
1419.862891,-12.833338,-13.017982,-0.284019
1419.864063,-12.820724,-13.014175,0.207235
1419.865234,-12.808186,-13.009433,0.642969
1419.866406,-12.815983,-13.009247,0.196784
1419.867578,-12.801258,-12.999594,0.480139
1419.868750,-12.790390,-12.994767,0.818130
1419.869922,-12.809535,-12.994076,-0.289798
1419.871094,-12.821121,-12.990677,-1.123412
1419.872266,-12.818041,-12.989282,-1.029817
1419.873437,-12.811679,-12.987103,-0.797254
1419.874609,-12.819191,-12.986593,-1.242969
1419.875781,-12.823494,-12.987482,-1.432398
1419.876953,-12.812200,-12.988312,-0.759015
1419.878125,-12.777145,-12.986925,1.120757
1419.879297,-12.785157,-12.987011,0.676895
1419.880469,-12.782292,-12.992031,1.118435
1419.881641,-12.785979,-12.987181,0.640397
1419.882812,-12.820630,-12.980774,-1.645523
1419.883984,-12.809381,-12.976607,-1.252702
1419.885156,-12.797342,-12.978251,-0.492139
1419.886328,-12.808998,-12.975214,-1.308803
1419.887500,-12.802265,-12.967869,-1.342785
1419.888672,-12.769970,-12.962662,0.164848
1419.889844,-12.763252,-12.960279,0.407005
1419.891016,-12.794744,-12.968064,-0.914268
1419.892187,-12.792941,-12.969884,-0.712812
1419.893359,-12.776078,-12.969643,0.213567
1419.894531,-12.784757,-12.969228,-0.293669
1419.895703,-12.792234,-12.972627,-0.520867
1419.896875,-12.774526,-12.972708,0.471567
1419.898047,-12.766201,-12.962012,0.339070
1419.899219,-12.781155,-12.957113,-0.767559
1419.900391,-12.796015,-12.953058,-1.817256
1419.901562,-12.776077,-12.953207,-0.702416
1419.902734,-12.762201,-12.956914,0.277687
1419.903906,-12.755270,-12.956935,0.666333
1419.905078,-12.756733,-12.955067,0.480028
1419.906250,-12.776233,-12.949907,-0.894554
1419.907422,-12.769548,-12.947924,-0.633125
1419.908594,-12.752395,-12.949363,0.403715
1419.909766,-12.768309,-12.948360,-0.539807
1419.910938,-12.758895,-12.952196,0.198857
1419.912109,-12.742287,-12.948302,0.909844
1419.913281,-12.741986,-12.940850,0.509696
1419.914453,-12.739001,-12.948824,1.123135
1419.915625,-12.754591,-12.954545,0.570637
1419.916797,-12.774273,-12.953378,-0.592535
1419.917969,-12.792404,-12.946682,-1.970353
1419.919141,-12.783710,-12.941031,-1.801883
1419.920312,-12.760530,-12.948153,-0.118037
1419.921484,-12.756081,-12.946081,0.014627
1419.922656,-12.733055,-12.937700,0.833116
1419.923828,-12.735336,-12.935524,0.583715
1419.925000,-12.746476,-12.939054,0.158516
1419.926172,-12.749998,-12.940639,0.050406
1419.927344,-12.746477,-12.937976,0.098240
1419.928516,-12.746177,-12.939198,0.183208
1419.929688,-12.733536,-12.932930,0.539337
1419.930859,-12.718343,-12.927393,1.079863
1419.932031,-12.724859,-12.930584,0.893559
1419.933203,-12.739459,-12.934021,0.269281
1419.934375,-12.745495,-12.924959,-0.572517
1419.935547,-12.744251,-12.917815,-0.900720
1419.936719,-12.729242,-12.919384,0.022507
1419.937891,-12.718323,-12.929076,1.175338
1419.939062,-12.727345,-12.931847,0.825098
1419.940234,-12.726713,-12.926542,0.563641
1419.941406,-12.726627,-12.921897,0.308793
1419.942578,-12.734815,-12.920540,-0.223798
1419.943750,-12.732389,-12.919094,-0.169189
1419.944922,-12.745934,-12.924815,-0.604950
1419.946094,-12.750505,-12.927589,-0.704987
1419.947266,-12.741160,-12.926649,-0.236959
1419.948437,-12.729472,-12.926122,0.385908
1419.949609,-12.731651,-12.922460,0.059724
1419.950781,-12.731318,-12.911372,-0.539724
1419.951953,-12.699078,-12.911520,1.270038
1419.953125,-12.688724,-12.918943,2.269109
1419.954297,-12.721053,-12.924733,0.779089
1419.955469,-12.735435,-12.919999,-0.288526
1419.956641,-12.731899,-12.918629,-0.167807
1419.957813,-12.723925,-12.918566,0.273705
1419.958984,-12.710866,-12.912279,0.652259
1419.960156,-12.722926,-12.901089,-0.644959
1419.961328,-12.720466,-12.904575,-0.313825
1419.962500,-12.716013,-12.911839,0.339927
1419.963672,-12.711268,-12.917894,0.944047
1419.964844,-12.704870,-12.914561,1.115780
1419.966016,-12.689847,-12.913498,1.899459
1419.967187,-12.697744,-12.918320,1.726592
1419.968359,-12.730780,-12.911798,-0.486028
1419.969531,-12.758803,-12.907461,-2.281137
1419.970703,-12.733749,-12.914053,-0.525789
1419.971875,-12.708818,-12.916923,1.026831
1419.973047,-12.704090,-12.909815,0.893559
1419.974219,-12.718319,-12.915152,0.396139
1419.975391,-12.729422,-12.919771,0.034120
1419.976562,-12.736624,-12.916311,-0.560102
1419.977734,-12.720414,-12.915077,0.274922
1419.978906,-12.714024,-12.920165,0.916895
1419.980078,-12.728534,-12.922526,0.237484
1419.981250,-12.744621,-12.917804,-0.921927
1419.982422,-12.730717,-12.912215,-0.459263
1419.983594,-12.701023,-12.916849,1.459882
1419.984766,-12.698086,-12.926573,2.171560
1419.985937,-12.701179,-12.928055,2.080897
1419.987109,-12.721895,-12.923259,0.649466
1419.988281,-12.765666,-12.915019,-2.242731
1419.989453,-12.788824,-12.916897,-3.416133
1419.990625,-12.734663,-12.920763,-0.202894
1419.991797,-12.686081,-12.921719,2.574390
1419.992969,-12.677292,-12.930509,3.567599
1419.994141,-12.692741,-12.937063,3.064538
1419.995312,-12.691717,-12.927004,2.554621
1419.996484,-12.697680,-12.897717,0.575282
1419.997656,-12.709570,-12.879453,-1.105246
1419.998828,-12.697626,-12.891870,0.251503
1420.000000,-12.701722,-12.892362,0.050295
1420.001172,-12.741102,-12.911263,-1.089817
1420.002344,-12.727032,-12.918951,0.121714
1420.003516,-12.707258,-12.919558,1.262020
1420.004688,-12.719488,-12.926849,0.985218
1420.005859,-12.739812,-12.930947,0.077972
1420.007031,-12.758230,-12.932024,-0.887946
1420.008203,-12.761535,-12.930461,-1.158361
1420.009375,-12.762392,-12.926558,-1.422555
1420.010547,-12.756886,-12.926615,-1.113762
1420.011719,-12.728611,-12.920685,0.130341
1420.012891,-12.724980,-12.917868,0.175770
1420.014062,-12.737063,-12.920424,-0.355576
1420.015234,-12.730015,-12.927638,0.440323
1420.016406,-12.734824,-12.930506,0.331825
1420.017578,-12.758206,-12.930956,-0.945983
1420.018750,-12.772584,-12.923027,-2.182454
1420.019922,-12.780232,-12.921962,-2.663754
1420.021094,-12.759046,-12.928909,-1.106296
1420.022266,-12.733828,-12.933701,0.566102
1420.023438,-12.730765,-12.927613,0.396996
1420.024609,-12.731894,-12.922149,0.028783
1420.025781,-12.727312,-12.924605,0.421881
1420.026953,-12.727369,-12.934776,0.987789
1420.028125,-12.726196,-12.937395,1.200306
1420.029297,-12.730657,-12.937564,0.959808
1420.030469,-12.752248,-12.935093,-0.384277
1420.031641,-12.758745,-12.931383,-0.952176
1420.032812,-12.753119,-12.937166,-0.317282
1420.033984,-12.754568,-12.941187,-0.173973
1420.035156,-12.758609,-12.939315,-0.503392
1420.036328,-12.753983,-12.941383,-0.130369
1420.037500,-12.741991,-12.945297,0.758158
1420.038672,-12.743612,-12.943870,0.587586
1420.039844,-12.749489,-12.943657,0.247272
1420.041016,-12.739344,-12.946304,0.962794
1420.042187,-12.741186,-12.946481,0.869476
1420.043359,-12.744904,-12.948795,0.790950
1420.044531,-12.750115,-12.952170,0.688148
1420.045703,-12.754255,-12.955241,0.628342
1420.046875,-12.737708,-12.963083,1.996426
1420.048047,-12.706520,-12.966967,3.977258
1420.049219,-12.708446,-12.963224,3.656051
1420.050391,-12.740607,-12.966208,2.009145
1420.051563,-12.775569,-12.968942,0.202867
1420.052734,-12.793720,-12.963577,-1.106683
1420.053906,-12.787012,-12.964196,-0.699402
1420.055078,-12.763729,-12.963027,0.533945
1420.056250,-12.771385,-12.956856,-0.237982
1420.057422,-12.789440,-12.959660,-1.086554
1420.058594,-12.784155,-12.961832,-0.671973
1420.059766,-12.763481,-12.967394,0.792112
1420.060937,-12.756969,-12.973642,1.507412
1420.062109,-12.777505,-12.972107,0.271521
1420.063281,-12.789413,-12.972961,-0.345125
1420.064453,-12.796726,-12.984949,-0.084525
1420.065625,-12.818345,-12.983133,-1.388020
1420.066797,-12.822374,-12.977265,-1.936399
1420.067969,-12.797098,-12.978744,-0.451079
1420.069141,-12.771564,-12.982717,1.197734
1420.070312,-12.784403,-12.979871,0.319881
1420.071484,-12.797806,-12.980818,-0.374987
1420.072656,-12.806130,-12.991444,-0.246747
1420.073828,-12.822610,-12.993985,-1.022324
1420.075000,-12.807841,-12.997951,0.020710
1420.076172,-12.788625,-12.995481,0.956960
1420.077344,-12.775337,-12.991667,1.488140
1420.078516,-12.798928,-12.998610,0.555374
1420.079687,-12.824177,-13.001886,-0.670176
1420.080859,-12.804748,-13.005576,0.619549
1420.082031,-12.807465,-13.007187,0.557669
1420.083203,-12.803044,-13.007441,0.819181
1420.084375,-12.801915,-13.006910,0.852720
1420.085547,-12.810513,-13.007229,0.389641
1420.086719,-12.825393,-13.012386,-0.153069
1420.087891,-12.810794,-13.016238,0.877854
1420.089062,-12.804213,-13.011822,0.999126
1420.090234,-12.825408,-13.010729,-0.246332
1420.091406,-12.816205,-13.017090,0.622701
1420.092578,-12.821694,-13.019605,0.456360
1420.093750,-12.869963,-13.021902,-2.099726
1420.094922,-12.881289,-13.020798,-2.786271
1420.096094,-12.845690,-13.025380,-0.559936
1420.097266,-12.814257,-13.029708,1.438841
1420.098438,-12.815763,-13.035845,1.698832
1420.099609,-12.844409,-13.040480,0.353558
1420.100781,-12.854902,-13.047399,0.153926
1420.101953,-12.850012,-13.044794,0.281586
1420.103125,-12.857248,-13.037127,-0.549429
1420.104297,-12.828502,-13.043268,1.400407
1420.105469,-12.793941,-13.054710,3.995535
1420.106641,-12.798622,-13.053493,3.661249
1420.107812,-12.813474,-13.053867,2.842704
1420.108984,-12.819877,-13.053457,2.458455
1420.110156,-12.833683,-13.062848,2.209717
1420.111328,-12.859859,-13.067820,1.018785
1420.112500,-12.881516,-13.065647,-0.312636
1420.113672,-12.872917,-13.056451,-0.345899
1420.114844,-12.851900,-13.049068,0.414913
1420.116016,-12.870254,-13.054432,-0.309982
1420.117188,-12.891830,-13.065825,-0.876748
1420.118359,-12.885090,-13.067079,-0.431973
1420.119531,-12.885966,-13.066895,-0.491033
1420.120703,-12.877259,-13.073358,0.355106
1420.121875,-12.885916,-13.069891,-0.321318
1420.123047,-12.903129,-13.078615,-0.793826
1420.124219,-12.903128,-13.088545,-0.240968
1420.125391,-12.898373,-13.086423,-0.094148
1420.126562,-12.906371,-13.086870,-0.514922
1420.127734,-12.904507,-13.092674,-0.087622
1420.128906,-12.900585,-13.095895,0.311033
1420.130078,-12.913342,-13.098686,-0.245005
1420.131250,-12.900831,-13.094244,0.205106
1420.132422,-12.888899,-13.089619,0.613466
1420.133594,-12.891685,-13.095813,0.804195
1420.134766,-12.888391,-13.095599,0.976619
1420.135937,-12.896500,-13.098279,0.672747
1420.137109,-12.916609,-13.104931,-0.078995
1420.138281,-12.916649,-13.114141,0.433024
1420.139453,-12.917002,-13.120933,0.793135
1420.140625,-12.922691,-13.118396,0.333097
1420.141797,-12.908623,-13.118900,1.148656
1420.142969,-12.886576,-13.129242,2.971027
1420.144141,-12.913429,-13.134303,1.743375
1420.145313,-12.940540,-13.138007,0.431586
1420.146484,-12.932152,-13.135181,0.742701
1420.147656,-12.912611,-13.128238,1.448684
1420.148828,-12.913897,-13.127824,1.353320
1420.150000,-12.920919,-13.128998,1.025393
1420.151172,-12.931683,-13.136569,0.846637
1420.152344,-12.937332,-13.147212,1.126342
1420.153516,-12.953299,-13.152855,0.548406
1420.154687,-12.942276,-13.146895,0.831678
1420.155859,-12.939996,-13.137666,0.442950
1420.157031,-12.950402,-13.140763,0.034756
1420.158203,-12.941412,-13.152615,1.200499
1420.159375,-12.942163,-13.157299,1.421172
1420.160547,-12.933845,-13.163639,2.245164
1420.161719,-12.925041,-13.175304,3.400456
1420.162891,-12.905103,-13.187222,5.209362
1420.164062,-12.928309,-13.181954,3.591848
1420.165234,-12.950887,-13.172759,1.799477
1420.166406,-12.951809,-13.176958,1.983735
1420.167578,-12.935266,-13.184870,3.363129
1420.168750,-12.942736,-13.185377,2.969617
1420.169922,-12.952285,-13.186142,2.474021
1420.171094,-12.931484,-13.190735,3.909434
1420.172266,-12.928382,-13.193749,4.256466
1420.173437,-12.925154,-13.197882,4.674697
1420.174609,-12.908644,-13.197348,5.584873
1420.175781,-12.906508,-13.198893,5.795040
1420.176953,-12.930621,-13.199158,4.436439
1420.178125,-12.943196,-13.203917,3.992770
1420.179297,-12.931737,-13.207594,4.852679
1420.180469,-12.926755,-13.207193,5.113555
1420.181641,-12.911789,-13.217269,6.544266
1420.182812,-12.911557,-13.223147,6.894645
1420.183984,-12.932558,-13.225201,5.809804
1420.185156,-12.945965,-13.230176,5.328588
1420.186328,-12.934146,-13.232880,6.158026
1420.187500,-12.935665,-13.238985,6.420534
1420.188672,-12.923026,-13.244401,7.456710
1420.189844,-12.882990,-13.241270,9.588122
1420.191016,-12.873274,-13.240650,10.116261
1420.192188,-12.877785,-13.240222,9.829368
1420.193359,-12.853769,-13.242899,11.383757
1420.194531,-12.832890,-13.247593,12.882016
1420.195703,-12.810842,-13.251001,14.382184
1420.196875,-12.775509,-13.263721,17.237967
1420.198047,-12.755345,-13.268367,18.724890
1420.199219,-12.753586,-13.264059,18.571766
1420.200391,-12.769328,-13.263836,17.614529
1420.201562,-12.773581,-13.255617,16.869202
1420.202734,-12.759820,-13.238991,16.698242
1420.203906,-12.743930,-13.229775,17.096621
1420.205078,-12.735200,-13.246929,18.647223
1420.206250,-12.754525,-13.273630,19.090780
1420.207422,-12.768351,-13.280025,18.643959
1420.208594,-12.752175,-13.274859,19.306282
1420.209766,-12.710678,-13.280882,22.184462
1420.210938,-12.694365,-13.291229,23.813118
1420.212109,-12.690940,-13.299429,24.526344
1420.213281,-12.672569,-13.302355,25.837996
1420.214453,-12.646922,-13.300158,27.289749
1420.215625,-12.646121,-13.299476,27.297159
1420.216797,-12.662395,-13.304838,26.620623
1420.217969,-12.654657,-13.310759,27.467703
1420.219141,-12.628055,-13.317040,29.518129
1420.220312,-12.626649,-13.320765,29.839392
1420.221484,-12.643952,-13.324575,28.995216
1420.222656,-12.642941,-13.320555,28.807335
1420.223828,-12.610021,-13.310786,30.256433
1420.225000,-12.607506,-13.316162,30.752085
1420.226172,-12.637491,-13.329991,29.738194
1420.227344,-12.647736,-13.340360,29.745964
1420.228516,-12.628632,-13.340859,30.976740
1420.229687,-12.609234,-13.336181,31.904474
1420.230859,-12.631746,-13.338081,30.606176
1420.232031,-12.643776,-13.341607,30.072315
1420.233203,-12.646751,-13.347360,30.246563
1420.234375,-12.650370,-13.348974,30.120840
1420.235547,-12.641926,-13.351702,30.822481
1420.236719,-12.636213,-13.357850,31.569412
1420.237891,-12.672195,-13.369049,30.011015
1420.239063,-12.695972,-13.371648,28.686340
1420.240234,-12.679216,-13.363662,29.234110
1420.241406,-12.695080,-13.359870,28.007980
1420.242578,-12.690392,-13.361509,28.402044
1420.243750,-12.668582,-13.369032,30.236610
1420.244922,-12.667067,-13.381989,31.146317
1420.246094,-12.691322,-13.384674,29.791531
1420.247266,-12.700497,-13.377934,28.796276
1420.248437,-12.692301,-13.378204,29.325300
1420.249609,-12.706018,-13.386959,29.015068
1420.250781,-12.733122,-13.395906,27.883169
1420.251953,-12.730869,-13.395613,28.005077
1420.253125,-12.733254,-13.391685,27.612476
1420.254297,-12.734748,-13.394080,27.668495
1420.255469,-12.730365,-13.395699,28.041822
1420.256641,-12.742587,-13.404293,27.816090
1420.257812,-12.754951,-13.410741,27.448402
1420.258984,-12.751365,-13.413634,27.851151
1420.260156,-12.782734,-13.406818,25.486263
1420.261328,-12.800084,-13.408085,24.496344
1420.262500,-12.806005,-13.417347,24.701672
1420.263672,-12.827659,-13.424810,23.830704
1420.264844,-12.831837,-13.433632,24.115414
1420.266016,-12.830287,-13.428171,23.875578
1420.267187,-12.834654,-13.428413,23.622915
1420.268359,-12.855016,-13.433852,22.710720
1420.269531,-12.867647,-13.438473,22.222342
1420.270703,-12.864244,-13.439493,22.491871
1420.271875,-12.869265,-13.437333,22.054451
1420.273047,-12.877214,-13.446579,22.133364
1420.274219,-12.875959,-13.454684,22.703918
1420.275391,-12.885622,-13.454480,22.102535
1420.276562,-12.917310,-13.454693,20.193233
1420.277734,-12.903330,-13.458708,21.283106
1420.278906,-12.871691,-13.458830,23.217844
1420.280078,-12.882074,-13.458496,22.563402
1420.281250,-12.919365,-13.457961,20.266560
1420.282422,-12.934952,-13.459235,19.402641
1420.283594,-12.931017,-13.464513,19.958376
1420.284766,-12.933189,-13.469490,20.127813
1420.285938,-12.941190,-13.473827,19.906559
1420.287109,-12.918414,-13.475083,21.361492
1420.288281,-12.900303,-13.479925,22.758692
1420.289453,-12.910316,-13.483218,22.348839
1420.290625,-12.940031,-13.479622,20.326698
1420.291797,-12.955841,-13.484611,19.673113
1420.292969,-12.937755,-13.485718,20.833464
1420.294141,-12.933184,-13.486822,21.177567
1420.295312,-12.947041,-13.488901,20.463980
1420.296484,-12.957744,-13.491756,19.989592
1420.297656,-12.938902,-13.495447,21.353971
1420.298828,-12.934235,-13.499326,21.873291
1420.300000,-12.952244,-13.500205,20.833353
1420.301172,-12.968866,-13.501991,19.935980
1420.302344,-12.970447,-13.506468,20.110920
1420.303516,-12.984781,-13.511014,19.520126
1420.304688,-12.996967,-13.514882,19.019167
1420.305859,-12.990900,-13.519898,19.686909
1420.307031,-12.972798,-13.515191,20.496191
1420.308203,-12.978245,-13.509778,19.839895
1420.309375,-12.992302,-13.505260,18.721102
1420.310547,-12.994596,-13.510953,18.925406
1420.311719,-12.973158,-13.519282,20.722090
1420.312891,-12.990473,-13.519627,19.696310
1420.314062,-13.005954,-13.513127,18.373655
1420.315234,-13.014046,-13.519454,18.267700
1420.316406,-13.022839,-13.535881,18.726133
1420.317578,-13.021286,-13.539685,19.048309
1420.318750,-13.031751,-13.529119,17.785791
1420.319922,-13.047588,-13.538638,17.407654
1420.321094,-13.042938,-13.548512,18.277655
1420.322266,-13.038988,-13.541319,18.083138
1420.323437,-13.064177,-13.544421,16.762306
1420.324609,-13.068852,-13.548470,16.724924
1420.325781,-13.069386,-13.547791,16.652592
1420.326953,-13.078573,-13.549727,16.220619
1420.328125,-13.055107,-13.552456,17.784603
1420.329297,-13.048431,-13.549894,18.031101
1420.330469,-13.057943,-13.542844,17.040188
1420.331641,-13.059516,-13.546644,17.173239
1420.332813,-13.074990,-13.552996,16.628757
1420.333984,-13.105645,-13.555884,14.978590
1420.335156,-13.093476,-13.553078,15.533826
1420.336328,-13.077165,-13.554394,16.582472
1420.337500,-13.079845,-13.561817,16.865330
1420.338672,-13.098047,-13.560419,15.698342
1420.339844,-13.095903,-13.559574,15.775513
1420.341016,-13.073378,-13.564388,17.405304
1420.342187,-13.077515,-13.570543,17.526022
1420.343359,-13.101210,-13.578366,16.578159
1420.344531,-13.112225,-13.573341,15.623798
1420.345703,-13.113981,-13.564898,15.018710
1420.346875,-13.131423,-13.565478,14.021630
1420.348047,-13.148938,-13.573098,13.438275
1420.349219,-13.119226,-13.577818,15.473882
1420.350391,-13.112080,-13.580800,16.075762
1420.351562,-13.120128,-13.586760,15.951559
1420.352734,-13.119893,-13.585413,15.885421
1420.353906,-13.138695,-13.579805,14.438369
1420.355078,-13.147525,-13.580646,13.966469
1420.356250,-13.127164,-13.587868,15.599273
1420.357422,-13.117614,-13.587753,16.160204
1420.358594,-13.134903,-13.593182,15.455300
1420.359766,-13.144890,-13.595407,14.995097
1420.360937,-13.157382,-13.588766,13.864027
1420.362109,-13.172406,-13.584206,12.711445
1420.363281,-13.171598,-13.583684,12.728228
1420.364453,-13.178986,-13.584148,12.322052
1420.365625,-13.193072,-13.590443,11.865582
1420.366797,-13.193413,-13.589579,11.795102
1420.367969,-13.208231,-13.593522,11.159627
1420.369141,-13.199359,-13.602904,12.227242
1420.370312,-13.190412,-13.606722,12.976440
1420.371484,-13.204220,-13.606117,12.130660
1420.372656,-13.195232,-13.602577,12.450016
1420.373828,-13.194542,-13.600103,12.345416
1420.375000,-13.207684,-13.600358,11.590909
1420.376172,-13.229841,-13.601332,10.355488
1420.377344,-13.226733,-13.598132,10.350179
1420.378516,-13.190756,-13.594801,12.256522
1420.379688,-13.197128,-13.598499,12.099831
1420.380859,-13.218856,-13.605391,11.232235
1420.382031,-13.229718,-13.605481,10.604170
1420.383203,-13.237619,-13.604042,10.060823
1420.384375,-13.231947,-13.604869,10.438797
1420.385547,-13.232155,-13.605886,10.485856
1420.386719,-13.240021,-13.611832,10.374124
1420.387891,-13.245364,-13.612071,10.077358
1420.389062,-13.264432,-13.610740,8.894693
1420.390234,-13.267340,-13.613282,8.873569
1420.391406,-13.232554,-13.611517,10.790557
1420.392578,-13.215874,-13.612650,11.830826
1420.393750,-13.213693,-13.615056,12.099388
1420.394922,-13.233743,-13.609198,10.586226
1420.396094,-13.266921,-13.610326,8.726831
1420.397266,-13.290586,-13.616072,7.693254
1420.398438,-13.282538,-13.612948,7.976858
1420.399609,-13.244796,-13.607628,9.852289
1420.400781,-13.252794,-13.609672,9.506777
1420.401953,-13.277119,-13.612623,8.270610
1420.403125,-13.281279,-13.621508,8.543347
1420.404297,-13.274223,-13.624971,9.151643
1420.405469,-13.264521,-13.617774,9.296749
1420.406641,-13.264813,-13.613886,9.054647
1420.407812,-13.268764,-13.612561,8.749504
1420.408984,-13.270335,-13.611162,8.577882
1420.410156,-13.274989,-13.608665,8.165154
1420.411328,-13.281989,-13.609695,7.821079
1420.412500,-13.287224,-13.604513,7.221852
1420.413672,-13.274280,-13.609256,8.240139
1420.414844,-13.246064,-13.620700,10.538529
1420.416016,-13.245764,-13.619052,10.460087
1420.417187,-13.260933,-13.615738,9.386666
1420.418359,-13.291325,-13.617168,7.713853
1420.419531,-13.316788,-13.618690,6.339381
1420.420703,-13.314560,-13.622638,6.693188
1420.421875,-13.303313,-13.625534,7.505346
1420.423047,-13.277885,-13.624493,8.912002
1420.424219,-13.282053,-13.622000,8.527034
1420.425391,-13.305286,-13.621286,7.147806
1420.426563,-13.287270,-13.621662,8.206462
1420.427734,-13.295523,-13.614882,7.340802
1420.428906,-13.311429,-13.606776,5.964367
1420.430078,-13.308256,-13.602834,5.920376
1420.431250,-13.290134,-13.605240,7.096405
1420.432422,-13.270196,-13.610067,8.522693
1420.433594,-13.289206,-13.609184,7.376415
1420.434766,-13.317609,-13.605875,5.559906
1420.435937,-13.309747,-13.604692,5.941418
1420.437109,-13.273891,-13.607468,8.159374
1420.438281,-13.274357,-13.605933,8.044075
1420.439453,-13.281799,-13.606888,7.670360
1420.440625,-13.278035,-13.603678,7.702268
1420.441797,-13.297266,-13.604898,6.667640
1420.442969,-13.299036,-13.611813,6.962718
1420.444141,-13.288822,-13.609900,7.439650
1420.445312,-13.290806,-13.601737,6.856820
1420.446484,-13.281878,-13.599249,7.226581
1420.447656,-13.295817,-13.603142,6.649971
1420.448828,-13.325146,-13.603638,5.002679
1420.450000,-13.312984,-13.593853,5.138108
1420.451172,-13.290919,-13.591248,6.249270
1420.452344,-13.282609,-13.598558,7.144903
1420.453516,-13.310880,-13.600444,5.633979
1420.454687,-13.330222,-13.597879,4.386503
1420.455859,-13.286258,-13.587416,6.296745
1420.457031,-13.266926,-13.586673,7.363115
1420.458203,-13.267736,-13.589895,7.501807
1420.459375,-13.301540,-13.589186,5.524458
1420.460547,-13.337150,-13.586551,3.351682
1420.461719,-13.320942,-13.589010,4.409840
1420.462891,-13.255464,-13.591195,8.283715
1420.464062,-13.242235,-13.600119,9.565118
1420.465234,-13.273584,-13.600475,7.774129
1420.466406,-13.307811,-13.587718,5.083306
1420.467578,-13.318404,-13.583837,4.260144
1420.468750,-13.292973,-13.590395,6.083012
1420.469922,-13.308854,-13.586408,4.949260
1420.471094,-13.347195,-13.581094,2.476399
1420.472266,-13.347055,-13.576624,2.232445
1420.473438,-13.310737,-13.574244,4.150844
1420.474609,-13.270110,-13.582115,6.918451
1420.475781,-13.259819,-13.578156,7.282101
1420.476953,-13.272093,-13.568931,6.049583
1420.478125,-13.269293,-13.561852,5.804994
1420.479297,-13.263605,-13.561935,6.134939
1420.480469,-13.289253,-13.566458,4.929379
1420.481641,-13.309325,-13.564249,3.664263
1420.482812,-13.293204,-13.559417,4.304439
1420.483984,-13.282809,-13.558796,4.860062
1420.485156,-13.291737,-13.559293,4.380752
1420.486328,-13.320037,-13.562907,2.982557
1420.487500,-13.330503,-13.560983,2.283708
1420.488672,-13.319897,-13.546215,2.049486
1420.489844,-13.306993,-13.538600,2.347219
1420.491016,-13.313741,-13.541805,2.147754
1420.492188,-13.321899,-13.539698,1.570592
1420.493359,-13.293530,-13.539678,3.167755
1420.494531,-13.281809,-13.541094,3.911397
1420.495703,-13.290147,-13.542950,3.544180
1420.496875,-13.297468,-13.542098,3.081958
1420.498047,-13.304882,-13.538490,2.460003
1420.499219,-13.285493,-13.542761,3.797065
1420.500391,-13.289275,-13.545731,3.751028
1420.501562,-13.295635,-13.541451,3.148981
1420.502734,-13.301689,-13.536820,2.545856
1420.503906,-13.304478,-13.529955,2.002178
1420.505078,-13.278805,-13.519210,2.843368
1420.506250,-13.278584,-13.523726,3.110879
1420.507422,-13.273807,-13.529487,3.707092
1420.508594,-13.248143,-13.524889,4.903278
1420.509766,-13.243809,-13.518363,4.778577
1420.510937,-13.276339,-13.509245,2.420436
1420.512109,-13.265028,-13.507434,2.956317
1420.513281,-13.254950,-13.511821,3.774585
1420.514453,-13.269756,-13.503759,2.482261
1420.515625,-13.265119,-13.495883,2.299773
1420.516797,-13.261593,-13.497404,2.584178
1420.517969,-13.284755,-13.503727,1.636537
1420.519141,-13.264006,-13.497217,2.437634
1420.520313,-13.238033,-13.490277,3.512548
1420.521484,-13.240241,-13.493484,3.569120
1420.522656,-13.246757,-13.491406,3.083091
1420.523828,-13.250065,-13.486677,2.629358
1420.525000,-13.249357,-13.488240,2.757460
1420.526172,-13.230553,-13.488431,3.831655
1420.527344,-13.198365,-13.482280,5.311666
1420.528516,-13.191142,-13.475757,5.351592
1420.529687,-13.226559,-13.467503,2.873782
1420.530859,-13.255322,-13.462633,0.982453
1420.532031,-13.232450,-13.464871,2.393090
1420.533203,-13.211563,-13.464344,3.542935
1420.534375,-13.222692,-13.463603,2.871902
1420.535547,-13.200149,-13.460638,3.979692
1420.536719,-13.190674,-13.457224,4.323600
1420.537891,-13.229223,-13.460220,2.312879
1420.539062,-13.225256,-13.461769,2.623773
1420.540234,-13.221491,-13.453690,2.380565
1420.541406,-13.219482,-13.447598,2.150657
1420.542578,-13.222832,-13.447352,1.948371
1420.543750,-13.239976,-13.445125,0.861319
1420.544922,-13.250914,-13.443547,0.161585
1420.546094,-13.244134,-13.440413,0.365226
1420.547266,-13.207116,-13.436295,2.210464
1420.548437,-13.179732,-13.431821,3.503728
1420.549609,-13.220097,-13.428238,1.028932
1420.550781,-13.240252,-13.428909,-0.060277
1420.551953,-13.213788,-13.433398,1.672371
1420.553125,-13.193979,-13.431309,2.669810
1420.554297,-13.195227,-13.419505,1.934767
1420.555469,-13.196453,-13.410525,1.361449
1420.556641,-13.184586,-13.407889,1.879938
1420.557812,-13.179454,-13.407965,2.172888
1420.558984,-13.187233,-13.411623,1.941016
1420.560156,-13.178205,-13.412811,2.516270
1420.561328,-13.180982,-13.404688,1.902583
1420.562500,-13.207491,-13.399434,0.123042
1420.563672,-13.209167,-13.397577,-0.074101
1420.564844,-13.202561,-13.395193,0.161503
1420.566016,-13.184160,-13.394281,1.139891
1420.567188,-13.145217,-13.391243,3.160843
1420.568359,-13.125538,-13.390417,4.228734
1420.569531,-13.148004,-13.387934,2.816547
1420.570703,-13.190904,-13.383875,0.180443
1420.571875,-13.193037,-13.380404,-0.132277
1420.573047,-13.179834,-13.367756,-0.101337
1420.574219,-13.150892,-13.361906,1.189909
1420.575391,-13.138629,-13.367798,2.209938
1420.576562,-13.165024,-13.375841,1.178905
1420.577734,-13.177304,-13.378899,0.662379
1420.578906,-13.169769,-13.373560,0.785282
1420.580078,-13.178345,-13.364105,-0.221807
1420.581250,-13.177578,-13.365942,-0.076645
1420.582422,-13.154308,-13.368223,1.352628
1420.583594,-13.145277,-13.354097,1.066978
1420.584766,-13.145667,-13.350348,0.835162
1420.585938,-13.146103,-13.353329,0.977642
1420.587109,-13.147035,-13.351149,0.803393
1420.588281,-13.152966,-13.345797,0.172562
1420.589453,-13.147410,-13.347233,0.563282
1420.590625,-13.125845,-13.356602,2.299358
1420.591797,-13.125116,-13.351794,2.069726
1420.592969,-13.143929,-13.342342,0.484452
1420.594141,-13.142660,-13.338713,0.352563
1420.595312,-13.143992,-13.332233,-0.083502
1420.596484,-13.143280,-13.324908,-0.452047
1420.597656,-13.136353,-13.325697,-0.021954
1420.598828,-13.119028,-13.322451,0.764683
1420.600000,-13.106395,-13.320130,1.342564
1420.601172,-13.098926,-13.311563,1.280933
1420.602344,-13.087580,-13.311398,1.908859
1420.603516,-13.104011,-13.314873,1.181421
1420.604687,-13.148126,-13.313328,-1.365043
1420.605859,-13.162319,-13.313908,-2.119136
1420.607031,-13.153996,-13.305048,-2.148777
1420.608203,-13.135792,-13.302969,-1.255467
1420.609375,-13.136624,-13.302271,-1.340407
1420.610547,-13.126602,-13.301091,-0.849291
1420.611719,-13.097629,-13.307471,1.124269
1420.612891,-13.088163,-13.304764,1.503348
1420.614063,-13.102427,-13.293653,0.082977
1420.615234,-13.120306,-13.288174,-1.217117
1420.616406,-13.092319,-13.286726,0.260599
1420.617578,-13.083788,-13.289036,0.866877
1420.618750,-13.084532,-13.285284,0.615291
1420.619922,-13.068725,-13.273896,0.862591
1420.621094,-13.089137,-13.270494,-0.467116
1420.622266,-13.093971,-13.273481,-0.569973
1420.623437,-13.064411,-13.274745,1.151808
1420.624609,-13.076001,-13.279049,0.743697
1420.625781,-13.104096,-13.271307,-1.253614
1420.626953,-13.081946,-13.265423,-0.349106
1420.628125,-13.072790,-13.267000,0.249622
1420.629297,-13.072795,-13.272070,0.532673
1420.630469,-13.069234,-13.281021,1.233292
1420.631641,-13.083068,-13.274083,0.071254
1420.632812,-13.075122,-13.266106,0.069512
1420.633984,-13.060098,-13.264886,0.841135
1420.635156,-13.038124,-13.262863,1.960648
1420.636328,-13.029147,-13.252270,1.869763
1420.637500,-13.021877,-13.240117,1.595394
1420.638672,-13.038907,-13.240568,0.666111
1420.639844,-13.048519,-13.246707,0.471872
1420.641016,-13.041949,-13.252555,1.167043
1420.642187,-13.049565,-13.255539,0.907494
1420.643359,-13.031958,-13.247050,1.418711
1420.644531,-13.025032,-13.232664,1.000398
1420.645703,-13.025857,-13.227198,0.648194
1420.646875,-13.022742,-13.231815,1.081135
1420.648047,-13.044244,-13.233138,-0.047088
1420.649219,-13.063636,-13.231336,-1.226435
1420.650391,-13.067047,-13.231415,-1.411329
1420.651562,-13.048797,-13.232741,-0.323005
1420.652734,-13.030683,-13.231829,0.637300
1420.653906,-13.036062,-13.225297,-0.028092
1420.655078,-13.043669,-13.224167,-0.514978
1420.656250,-13.019253,-13.220646,0.651125
1420.657422,-13.006678,-13.220100,1.325034
1420.658594,-13.019743,-13.217920,0.471291
1420.659766,-13.026262,-13.213509,-0.138996
1420.660938,-13.038001,-13.214885,-0.716102
1420.662109,-13.041180,-13.212883,-1.004103
1420.663281,-13.044342,-13.207731,-1.465605
1420.664453,-13.037906,-13.207733,-1.108315
1420.665625,-13.047677,-13.207882,-1.642122
1420.666797,-13.051070,-13.207628,-1.844131
1420.667969,-13.017249,-13.209337,0.131143
1420.669141,-13.001879,-13.204509,0.720333
1420.670312,-12.992202,-13.201623,1.100656
1420.671484,-12.979607,-13.201943,1.825578
1420.672656,-13.002254,-13.199408,0.414056
1420.673828,-13.015275,-13.199278,-0.319770
1420.675000,-13.013834,-13.197062,-0.362959
1420.676172,-13.013965,-13.190798,-0.718923
1420.677344,-13.015061,-13.185833,-1.055863
1420.678516,-12.979593,-13.188934,1.096149
1420.679688,-12.959565,-13.191088,2.342491
1420.680859,-12.988846,-13.190513,0.666443
1420.682031,-12.995187,-13.187924,0.167392
1420.683203,-13.025479,-13.186511,-1.596306
1420.684375,-13.006658,-13.180368,-0.892536
1420.685547,-12.984404,-13.170066,-0.227281
1420.686719,-12.991871,-13.173773,-0.436812
1420.687891,-12.986690,-13.179836,0.190258
1420.689062,-12.999685,-13.176089,-0.742784
1420.690234,-13.018075,-13.171395,-2.023330
1420.691406,-13.012887,-13.179726,-1.274241
1420.692578,-13.009137,-13.177415,-1.194361
1420.693750,-13.007816,-13.167239,-1.685449
1420.694922,-12.997383,-13.173289,-0.770489
1420.696094,-12.999972,-13.178626,-0.617641
1420.697266,-13.006991,-13.172552,-1.345163
1420.698437,-12.994696,-13.170250,-0.790066
1420.699609,-12.969788,-13.170704,0.624443
1420.700781,-12.970411,-13.167237,0.395779
1420.701953,-12.960261,-13.167105,0.956213
1420.703125,-12.951097,-13.171144,1.696896
1420.704297,-12.973823,-13.173913,0.578268
1420.705469,-12.976017,-13.176905,0.622840
1420.706641,-12.946421,-13.168285,1.799062
1420.707813,-12.951031,-13.154134,0.746794
1420.708984,-12.963733,-13.150595,-0.160424
1420.710156,-12.960829,-13.150728,0.008986
1420.711328,-12.973485,-13.159675,-0.197890
1420.712500,-13.002697,-13.166098,-1.464970
1420.713672,-12.999963,-13.168941,-1.155513
1420.714844,-12.999479,-13.168241,-1.167513
1420.716016,-13.002171,-13.154203,-2.094556
1420.717187,-13.000280,-13.142920,-2.613543
1420.718359,-12.980518,-13.146858,-1.301919
1420.719531,-12.964775,-13.153275,-0.069097
1420.720703,-12.985632,-13.158377,-0.946232
1420.721875,-12.980160,-13.161741,-0.454646
1420.723047,-12.956882,-13.159455,0.717125
1420.724219,-12.940178,-13.156843,1.506970
1420.725391,-12.953901,-13.150964,0.408996
1420.726562,-12.977242,-13.149495,-0.973522
1420.727734,-12.995524,-13.151221,-1.891800
1420.728906,-13.011900,-13.152977,-2.699754
1420.730078,-12.987367,-13.156453,-1.149458
1420.731250,-12.969749,-13.157158,-0.129954
1420.732422,-12.958038,-13.158574,0.603180
1420.733594,-12.969563,-13.157574,-0.096332
1420.734766,-12.976187,-13.149710,-0.902987
1420.735937,-12.974044,-13.149823,-0.777540
1420.737109,-12.990460,-13.154041,-1.454988
1420.738281,-12.993184,-13.158158,-1.377707
1420.739453,-12.977999,-13.162531,-0.290268
1420.740625,-12.976899,-13.162498,-0.230848
1420.741797,-12.979221,-13.164340,-0.257586
1420.742969,-12.981187,-13.163847,-0.394563
1420.744141,-12.998252,-13.157084,-1.718214
1420.745312,-13.011941,-13.157936,-2.428261
1420.746484,-13.013616,-13.159431,-2.438160
1420.747656,-13.023232,-13.159570,-2.961045
1420.748828,-13.007602,-13.165443,-1.773044
1420.750000,-12.995043,-13.171080,-0.763218
1420.751172,-13.009968,-13.175324,-1.356472
1420.752344,-13.012379,-13.177329,-1.379006
1420.753516,-13.008648,-13.173145,-1.404140
1420.754688,-12.991395,-13.169714,-0.636250
1420.755859,-12.990361,-13.170624,-0.528084
1420.757031,-12.996354,-13.178601,-0.417567
1420.758203,-13.000693,-13.181065,-0.522028
1420.759375,-12.973562,-13.175791,0.697853
1420.760547,-12.973061,-13.170099,0.407641
1420.761719,-12.985205,-13.168795,-0.342775
1420.762891,-13.000404,-13.171288,-1.049670
1420.764062,-13.011126,-13.177577,-1.295725
1420.765234,-13.022575,-13.179153,-1.843025
1420.766406,-13.017389,-13.190285,-0.937881
1420.767578,-13.011644,-13.194934,-0.359503
1420.768750,-13.026285,-13.195486,-1.143098
1420.769922,-13.043283,-13.193386,-2.201284
1420.771094,-13.036214,-13.195457,-1.695403
1420.772266,-13.030416,-13.194965,-1.401292
1420.773438,-13.037046,-13.193302,-1.860860
1420.774609,-13.060471,-13.198328,-2.877294
1420.775781,-13.071484,-13.200706,-3.352843
1420.776953,-13.056829,-13.200641,-2.548842
1420.778125,-13.042543,-13.209366,-1.275154
1420.779297,-13.032657,-13.213551,-0.492941
1420.780469,-13.041006,-13.208633,-1.230472
1420.781641,-13.018530,-13.209120,0.047530
1420.782812,-12.995094,-13.215883,1.738592
1420.783984,-13.012477,-13.225039,1.276757
1420.785156,-13.044987,-13.232430,-0.128019
1420.786328,-13.072461,-13.238052,-1.343476
1420.787500,-13.076885,-13.240639,-1.445394
1420.788672,-13.064444,-13.236238,-0.999015
1420.789844,-13.052512,-13.231007,-0.626489
1420.791016,-13.054670,-13.233250,-0.621761
1420.792187,-13.069581,-13.239292,-1.114785
1420.793359,-13.073097,-13.244141,-1.040766
1420.794531,-13.086824,-13.252600,-1.333246
1420.795703,-13.085655,-13.255839,-1.088518
1420.796875,-13.090886,-13.254402,-1.458583
1420.798047,-13.074764,-13.252705,-0.657319
1420.799219,-13.008434,-13.190790,-0.411512
1420.800391,-12.980705,-13.124547,-2.547155
1420.801563,-13.074928,-13.203135,-3.408723
1420.802734,-13.096503,-13.256370,-1.660896
1420.803906,-13.074112,-13.271915,0.450388
1420.805078,-13.079731,-13.279058,0.535549
1420.806250,-13.076035,-13.277140,0.635005
1420.807422,-13.070742,-13.282403,1.226241
1420.808594,-13.077631,-13.280707,0.745300
1420.809766,-13.084953,-13.278978,0.239281
1420.810937,-13.111876,-13.284662,-0.943964
1420.812109,-13.144412,-13.286195,-2.660796
1420.813281,-13.143187,-13.293890,-2.168077
1420.814453,-13.121252,-13.310294,-0.038820
1420.815625,-13.108073,-13.313721,0.889245
1420.816797,-13.124553,-13.312006,-0.127438
1420.817969,-13.141329,-13.311304,-1.100103
1420.819141,-13.138971,-13.313848,-0.827752
1420.820312,-13.131923,-13.325423,0.210000
1420.821484,-13.141919,-13.328545,-0.173613
1420.822656,-13.145665,-13.329424,-0.333374
1420.823828,-13.148409,-13.340332,0.121936
1420.825000,-13.145966,-13.345441,0.543872
1420.826172,-13.119743,-13.349551,2.245911
1420.827344,-13.119753,-13.358207,2.733238
1420.828516,-13.168442,-13.364950,0.378028
1420.829687,-13.195711,-13.368448,-0.946674
1420.830859,-13.197573,-13.371511,-0.879927
1420.832031,-13.207751,-13.377623,-1.105882
1420.833203,-13.204192,-13.382746,-0.623199
1420.834375,-13.188444,-13.381872,0.205963
1420.835547,-13.192129,-13.380377,-0.083143
1420.836719,-13.192051,-13.388727,0.387401
1420.837891,-13.179826,-13.399878,1.697173
1420.839062,-13.185116,-13.405056,1.690896
1420.840234,-13.190517,-13.405217,1.396675
1420.841406,-13.200312,-13.412821,1.273771
1420.842578,-13.215133,-13.421545,0.932075
1420.843750,-13.235477,-13.426605,0.077530
1420.844922,-13.258587,-13.434292,-0.781688
1420.846094,-13.264507,-13.437094,-0.955052
1420.847266,-13.262075,-13.438143,-0.761531
1420.848438,-13.267079,-13.444668,-0.676895
1420.849609,-13.266068,-13.449636,-0.344047
1420.850781,-13.254129,-13.456280,0.693485
1420.851953,-13.260315,-13.464172,0.789015
1420.853125,-13.260946,-13.472542,1.222536
1420.854297,-13.257273,-13.483522,2.045643
1420.855469,-13.263348,-13.494144,2.301597
1420.856641,-13.271190,-13.496225,1.977348
1420.857812,-13.294306,-13.499928,0.887808
1420.858984,-13.298044,-13.510875,1.291799
1420.860156,-13.320221,-13.517117,0.399650
1420.861328,-13.323878,-13.523955,0.577521
1420.862500,-13.350215,-13.533369,-0.367051
1420.863672,-13.371806,-13.547134,-0.802619
1420.864844,-13.374568,-13.552223,-0.673190
1420.866016,-13.386630,-13.550854,-1.419320
1420.867188,-13.410481,-13.550328,-2.767607
1420.868359,-13.422084,-13.557699,-3.000889
1420.869531,-13.412895,-13.565150,-2.082252
1420.870703,-13.392900,-13.575180,-0.415770
1420.871875,-13.384998,-13.584524,0.546692
1420.873047,-13.378056,-13.586253,1.032084
1420.874219,-13.374162,-13.590212,1.472463
1420.875391,-13.412704,-13.596600,-0.325715
1420.876562,-13.443085,-13.605892,-1.497873
1420.877734,-13.454836,-13.621818,-1.266306
1420.878906,-13.461238,-13.637557,-0.747512
1420.880078,-13.450822,-13.640585,0.001382
1420.881250,-13.448506,-13.645983,0.432111
1420.882422,-13.451401,-13.652555,0.637798
1420.883594,-13.460524,-13.658430,0.456166
1420.884766,-13.481921,-13.667915,-0.208784
1420.885937,-13.505915,-13.674111,-1.198868
1420.887109,-13.509281,-13.682422,-0.924250
1420.888281,-13.507345,-13.690868,-0.346507
1420.889453,-13.528854,-13.707815,-0.600554
1420.890625,-13.555126,-13.719780,-1.395486
1420.891797,-13.559571,-13.721140,-1.566555
1420.892969,-13.566160,-13.727316,-1.589421
1420.894141,-13.567843,-13.734635,-1.276840
1420.895313,-13.581075,-13.739104,-1.762647
1420.896484,-13.581676,-13.745779,-1.425983
1420.897656,-13.558914,-13.753059,0.246000
1420.898828,-13.564435,-13.766577,0.693015
1420.900000,-13.575368,-13.774673,0.534305
1420.901172,-13.594017,-13.783202,-0.030857
1420.902344,-13.619213,-13.793900,-0.838314
1420.903516,-13.637213,-13.804330,-1.258785
1420.904687,-13.667783,-13.811541,-2.551800
1420.905859,-13.688957,-13.820390,-3.231239
1420.907031,-13.665760,-13.836207,-1.073891
1420.908203,-13.648880,-13.846794,0.456581
1420.909375,-13.651403,-13.848333,0.401586
1420.910547,-13.673004,-13.856282,-0.360139
1420.911719,-13.691313,-13.870665,-0.578793
1420.912891,-13.698840,-13.887200,-0.076866
1420.914062,-13.705487,-13.888569,-0.371088
1420.915234,-13.697649,-13.892222,0.269917
1420.916406,-13.719100,-13.910627,0.099843
1420.917578,-13.744547,-13.926548,-0.431282
1420.918750,-13.748760,-13.934487,-0.223687
1420.919922,-13.768138,-13.939341,-1.031918
1420.921094,-13.815626,-13.953455,-2.878870
1420.922266,-13.833336,-13.974576,-2.690741
1420.923437,-13.802664,-13.982234,-0.566627
1420.924609,-13.792812,-13.986902,0.242904
1420.925781,-13.814902,-13.995522,-0.508176
1420.926953,-13.844914,-14.000455,-1.900454
1420.928125,-13.853359,-14.007992,-1.950721
1420.929297,-13.840171,-14.021311,-0.479226
1420.930469,-13.831284,-14.039212,1.017015
1420.931641,-13.856787,-14.054399,0.439742
1420.932812,-13.884553,-14.063792,-0.585042
1420.933984,-13.898555,-14.072643,-0.871549
1420.935156,-13.918882,-14.078733,-1.661726
1420.936328,-13.939116,-14.083934,-2.493238
1420.937500,-13.947950,-14.097902,-2.209606
1420.938672,-13.949860,-14.111785,-1.546785
1420.939844,-13.954092,-14.120091,-1.320804
1420.941016,-13.972656,-14.132796,-1.645716
1420.942188,-14.010154,-14.146458,-2.962925
1420.943359,-14.028353,-14.157751,-3.343193
1420.944531,-14.034444,-14.169582,-3.027156
1420.945703,-14.036059,-14.189178,-2.034473
1420.946875,-14.028181,-14.203150,-0.822609
1420.948047,-14.048634,-14.212337,-1.448214
1420.949219,-14.054336,-14.224957,-1.064186
1420.950391,-14.058403,-14.232744,-0.857503
1420.951562,-14.063329,-14.243019,-0.559936
1420.952734,-14.079735,-14.260138,-0.520286
1420.953906,-14.111375,-14.281894,-1.069909
1420.955078,-14.132881,-14.296569,-1.449043
1420.956250,-14.147068,-14.297580,-2.178666
1420.957422,-14.175648,-14.305464,-3.320216
1420.958594,-14.169024,-14.319676,-2.170924
1420.959766,-14.168900,-14.335133,-1.307919
1420.960938,-14.183201,-14.350422,-1.253034
1420.962109,-14.185427,-14.355544,-1.092223
1420.963281,-14.203058,-14.358958,-1.880574
1420.964453,-14.212383,-14.372846,-1.627855
1420.965625,-14.227839,-14.399906,-0.983863
1420.966797,-14.233364,-14.418119,-0.277853
1420.967969,-14.241859,-14.426659,-0.275392
1420.969141,-14.248737,-14.439627,0.064230
1420.970312,-14.259076,-14.451089,0.126940
1420.971484,-14.295130,-14.468311,-0.921955
1420.972656,-14.320975,-14.483154,-1.532712
1420.973828,-14.332776,-14.491039,-1.749707
1420.975000,-14.342545,-14.500530,-1.765081
1420.976172,-14.358652,-14.515714,-1.816260
1420.977344,-14.354584,-14.529490,-0.826066
1420.978516,-14.352753,-14.545169,0.149447
1420.979687,-14.388350,-14.559427,-1.038858
1420.980859,-14.396732,-14.583369,-0.172950
1420.982031,-14.404091,-14.603906,0.562839
1420.983203,-14.416307,-14.610178,0.230655
1420.984375,-14.423010,-14.617995,0.292922
1420.985547,-14.458465,-14.633760,-0.804416
1420.986719,-14.475620,-14.647927,-0.970563
1420.987891,-14.493562,-14.663854,-1.082518
1420.989063,-14.516320,-14.676436,-1.647044
1420.990234,-14.536688,-14.691034,-1.966537
1420.991406,-14.541780,-14.706264,-1.404831
1420.992578,-14.560851,-14.718863,-1.763643
1420.993750,-14.562751,-14.729413,-1.284029
1420.994922,-14.582028,-14.743750,-1.558094
1420.996094,-14.608896,-14.753538,-2.502999
1420.997266,-14.624543,-14.766113,-2.672547
1420.998437,-14.630703,-14.787167,-1.849357
1420.999609,-14.647120,-14.804009,-1.825800
1421.000781,-14.653398,-14.816504,-1.481311
1421.001953,-14.664626,-14.840284,-0.784287
1421.003125,-14.694530,-14.858324,-1.443182
1421.004297,-14.718975,-14.868683,-2.223099
1421.005469,-14.723066,-14.879946,-1.826325
1421.006641,-14.737711,-14.890079,-2.075975
1421.007812,-14.740001,-14.910728,-1.058324
1421.008984,-14.749496,-14.932592,-0.370286
1421.010156,-14.782944,-14.946789,-1.440334
1421.011328,-14.808886,-14.955949,-2.369256
1421.012500,-14.802097,-14.970278,-1.199753
1421.013672,-14.800109,-14.985750,-0.228470
1421.014844,-14.813129,-15.002302,-0.031548
1421.016016,-14.836187,-15.020639,-0.294747
1421.017187,-14.887662,-15.034022,-2.408077
1421.018359,-14.934922,-15.042137,-4.560669
1421.019531,-14.954948,-15.053710,-5.022974
1421.020703,-14.958372,-15.071534,-4.234872
1421.021875,-14.954438,-15.083387,-3.367912
1421.023047,-14.955796,-15.101012,-2.471284
1421.024219,-14.940280,-15.125537,-0.249899
1421.025391,-14.951596,-15.140983,-0.019631
1421.026562,-14.970750,-15.154699,-0.322756
1421.027734,-14.996002,-15.172169,-0.756001
1421.028906,-15.028664,-15.191174,-1.514352
1421.030078,-15.041988,-15.206599,-1.397864
1421.031250,-15.056967,-15.220259,-1.470997
1421.032422,-15.091620,-15.239778,-2.308814
1421.033594,-15.105334,-15.266315,-1.599099
1421.034766,-15.127110,-15.279211,-2.090740
1421.035938,-15.135154,-15.285568,-2.184030
1421.037109,-15.115206,-15.305275,0.018470
1421.038281,-15.112580,-15.316090,0.769549
1421.039453,-15.154169,-15.321812,-1.229614
1421.040625,-15.202581,-15.341125,-2.839441
1421.041797,-15.232906,-15.366355,-3.120225
1421.042969,-15.247881,-15.378273,-3.288502
1421.044141,-15.246788,-15.394925,-2.309920
1421.045312,-15.253526,-15.416719,-1.476444
1421.046484,-15.284456,-15.435305,-2.160058
1421.047656,-15.289370,-15.450849,-1.571504
1421.048828,-15.272351,-15.467334,0.292784
1421.050000,-15.295229,-15.491983,0.391770
1421.051172,-15.320782,-15.514208,0.205853
1421.052344,-15.331770,-15.527184,0.316839
1421.053516,-15.352054,-15.540333,-0.081373
1421.054688,-15.390239,-15.554648,-1.409006
1421.055859,-15.433195,-15.562311,-3.358732
1421.057031,-15.441989,-15.579572,-2.892446
1421.058203,-15.470150,-15.602695,-3.169967
1421.059375,-15.485670,-15.613213,-3.445276
1421.060547,-15.491352,-15.624970,-3.110879
1421.061719,-15.518461,-15.642796,-3.621654
1421.062891,-15.529732,-15.664968,-3.021792
1421.064062,-15.559696,-15.687598,-3.425507
1421.065234,-15.553946,-15.708170,-1.973311
1421.066406,-15.531469,-15.728168,0.388673
1421.067578,-15.560492,-15.741730,-0.473779
1421.068750,-15.610750,-15.755377,-2.503828
1421.069922,-15.623608,-15.768905,-2.466805
1421.071094,-15.627803,-15.784380,-1.843081
1421.072266,-15.643829,-15.803279,-1.683984
1421.073437,-15.655805,-15.819927,-1.424933
1421.074609,-15.672470,-15.832986,-1.624896
1421.075781,-15.686761,-15.845682,-1.713237
1421.076953,-15.699042,-15.862931,-1.437900
1421.078125,-15.726326,-15.880666,-1.966924
1421.079297,-15.749657,-15.890721,-2.700418
1421.080469,-15.766969,-15.910659,-2.555533
1421.081641,-15.780650,-15.938314,-1.782859
1421.082813,-15.792109,-15.957352,-1.362776
1421.083984,-15.807611,-15.970690,-1.482859
1421.085156,-15.815130,-15.986494,-1.022960
1421.086328,-15.824176,-15.996957,-0.944241
1421.087500,-15.843634,-16.010571,-1.268794
1421.088672,-15.882563,-16.028597,-2.426105
1421.089844,-15.911308,-16.040869,-3.334262
1421.091016,-15.919632,-16.056494,-2.932179
1421.092187,-15.935992,-16.082621,-2.393284
1421.093359,-15.969552,-16.103878,-3.071921
1421.094531,-15.998749,-16.123255,-3.612226
1421.095703,-16.005888,-16.137150,-3.240640
1421.096875,-16.025787,-16.148621,-3.704161
1421.098047,-16.045464,-16.162661,-4.013590
1421.099219,-16.022121,-16.180933,-1.719320
1421.100391,-16.026712,-16.194244,-1.235753
1421.101562,-16.081043,-16.202505,-3.779480
1421.102734,-16.104362,-16.216667,-4.281877
1421.103906,-16.122908,-16.233643,-4.367895
1421.105078,-16.137362,-16.250301,-4.247065
1421.106250,-16.124977,-16.276390,-2.128841
1421.107422,-16.140551,-16.294361,-1.996205
1421.108594,-16.186306,-16.307779,-3.778843
1421.109766,-16.200577,-16.321838,-3.790484
1421.110937,-16.204712,-16.334131,-3.342032
1421.112109,-16.210854,-16.353407,-2.618271
1421.113281,-16.230381,-16.372738,-2.629137
1421.114453,-16.249226,-16.390039,-2.714271
1421.115625,-16.262049,-16.408834,-2.384574
1421.116797,-16.279121,-16.424904,-2.440012
1421.117969,-16.292339,-16.435509,-2.584289
1421.119141,-16.307638,-16.448181,-2.729202
1421.120312,-16.313808,-16.463993,-2.196749
1421.121484,-16.319145,-16.479752,-1.619891
1421.122656,-16.335127,-16.494743,-1.674721
1421.123828,-16.361700,-16.513601,-2.101828
1421.125000,-16.379410,-16.526409,-2.372796
1421.126172,-16.404764,-16.534897,-3.302797
1421.127344,-16.427608,-16.553280,-3.548161
1421.128516,-16.425508,-16.568420,-2.598501
1421.129688,-16.433384,-16.585962,-2.064362
1421.130859,-16.448330,-16.606949,-1.729993
1421.132031,-16.479633,-16.622656,-2.592390
1421.133203,-16.523705,-16.633039,-4.444568
1421.134375,-16.567257,-16.641558,-6.355639
1421.135547,-16.557123,-16.647451,-5.483288
1421.136719,-16.517860,-16.670225,-2.076196
1421.137891,-16.518486,-16.690886,-0.965421
1421.139062,-16.536850,-16.695059,-1.752721
1421.140234,-16.554239,-16.709000,-1.943643
1421.141406,-16.591360,-16.728460,-2.919045
1421.142578,-16.608965,-16.743462,-3.062520
1421.143750,-16.600760,-16.757357,-1.841975
1421.144922,-16.617464,-16.771421,-1.988076
1421.146094,-16.633711,-16.778847,-2.475708
1421.147266,-16.656490,-16.799862,-2.573118
1421.148438,-16.662539,-16.818790,-1.861081
1421.149609,-16.671619,-16.826674,-1.927385
1421.150781,-16.685522,-16.836571,-2.148970
1421.151953,-16.709587,-16.853039,-2.568695
1421.153125,-16.726587,-16.864597,-2.868888
1421.154297,-16.726339,-16.880043,-2.002122
1421.155469,-16.721455,-16.896141,-0.838314
1421.156641,-16.726019,-16.903568,-0.679079
1421.157812,-16.757370,-16.911251,-1.992307
1421.158984,-16.805096,-16.927126,-3.748263
1421.160156,-16.833210,-16.943895,-4.370605
1421.161328,-16.851830,-16.958164,-4.608835
1421.162500,-16.831987,-16.969011,-2.923248
1421.163672,-16.834919,-16.983435,-2.288989
1421.164844,-16.844002,-16.998623,-1.951357
1421.166016,-16.847904,-17.011322,-1.464030
1421.167187,-16.880913,-17.017677,-2.937543
1421.168359,-16.897190,-17.026146,-3.367553
1421.169531,-16.919167,-17.035480,-4.062033
1421.170703,-16.927649,-17.051731,-3.635507
1421.171875,-16.924437,-17.072128,-2.334528
1421.173047,-16.952080,-17.088926,-2.933036
1421.174219,-16.964361,-17.100985,-2.945340
1421.175391,-16.961222,-17.106611,-2.461690
1421.176563,-16.989008,-17.107618,-3.936033
1421.177734,-16.992313,-17.118603,-3.514207
1421.178906,-16.991146,-17.131966,-2.713939
1421.180078,-17.011444,-17.146376,-3.038548
1421.181250,-17.018774,-17.161406,-2.613957
1421.182422,-17.042023,-17.164761,-3.709387
1421.183594,-17.045830,-17.175100,-3.350216
1421.184766,-17.055073,-17.194361,-2.798437
1421.185937,-17.058538,-17.206017,-2.346335
1421.187109,-17.049730,-17.209328,-1.675799
1421.188281,-17.048450,-17.216509,-1.206555
1421.189453,-17.053225,-17.225689,-0.961826
1421.190625,-17.068846,-17.237200,-1.190131
1421.191797,-17.075367,-17.256353,-0.487798
1421.192969,-17.100563,-17.266138,-1.344361
1421.194141,-17.133360,-17.276228,-2.600907
1421.195312,-17.127913,-17.291275,-1.467099
1421.196484,-17.113949,-17.301851,-0.102387
1421.197656,-17.121241,-17.308853,-0.118562
1421.198828,-17.147068,-17.316525,-1.128914
